"","V1","V2"
"c.0..25.",0,25
"c.0..35.",0,35
"c.0..40.",0,40
"c.0..42.",0,42
"c.0..81.",0,81
"c.0..102.",0,102
"c.0..129.",0,129
"c.0..131.",0,131
"c.0..136.",0,136
"c.0..169.",0,169
"c.0..171.",0,171
"c.0..187.",0,187
"c.0..274.",0,274
"c.0..276.",0,276
"c.0..306.",0,306
"c.0..315.",0,315
"c.0..339.",0,339
"c.0..343.",0,343
"c.0..347.",0,347
"c.1..10.",1,10
"c.1..18.",1,18
"c.1..20.",1,20
"c.1..23.",1,23
"c.1..75.",1,75
"c.1..85.",1,85
"c.1..107.",1,107
"c.1..160.",1,160
"c.1..162.",1,162
"c.1..165.",1,165
"c.1..218.",1,218
"c.1..257.",1,257
"c.1..272.",1,272
"c.1..275.",1,275
"c.1..295.",1,295
"c.1..325.",1,325
"c.1..361.",1,361
"c.1..366.",1,366
"c.1..377.",1,377
"c.2..7.",2,7
"c.2..17.",2,17
"c.2..43.",2,43
"c.2..54.",2,54
"c.2..69.",2,69
"c.2..136.",2,136
"c.2..137.",2,137
"c.2..166.",2,166
"c.2..172.",2,172
"c.2..174.",2,174
"c.2..177.",2,177
"c.2..235.",2,235
"c.2..284.",2,284
"c.2..294.",2,294
"c.2..304.",2,304
"c.2..305.",2,305
"c.2..316.",2,316
"c.2..342.",2,342
"c.2..399.",2,399
"c.3..37.",3,37
"c.3..47.",3,47
"c.3..63.",3,63
"c.3..82.",3,82
"c.3..94.",3,94
"c.3..98.",3,98
"c.3..110.",3,110
"c.3..115.",3,115
"c.3..118.",3,118
"c.3..126.",3,126
"c.3..135.",3,135
"c.3..148.",3,148
"c.3..216.",3,216
"c.3..254.",3,254
"c.3..267.",3,267
"c.3..268.",3,268
"c.3..319.",3,319
"c.3..381.",3,381
"c.3..384.",3,384
"c.4..62.",4,62
"c.4..103.",4,103
"c.4..104.",4,104
"c.4..120.",4,120
"c.4..133.",4,133
"c.4..141.",4,141
"c.4..142.",4,142
"c.4..144.",4,144
"c.4..145.",4,145
"c.4..149.",4,149
"c.4..150.",4,150
"c.4..157.",4,157
"c.4..197.",4,197
"c.4..287.",4,287
"c.4..296.",4,296
"c.4..300.",4,300
"c.4..340.",4,340
"c.4..364.",4,364
"c.4..374.",4,374
"c.5..12.",5,12
"c.5..33.",5,33
"c.5..66.",5,66
"c.5..72.",5,72
"c.5..76.",5,76
"c.5..83.",5,83
"c.5..111.",5,111
"c.5..113.",5,113
"c.5..129.",5,129
"c.5..137.",5,137
"c.5..147.",5,147
"c.5..153.",5,153
"c.5..171.",5,171
"c.5..224.",5,224
"c.5..226.",5,226
"c.5..260.",5,260
"c.5..304.",5,304
"c.5..342.",5,342
"c.5..392.",5,392
"c.6..30.",6,30
"c.6..40.",6,40
"c.6..41.",6,41
"c.6..83.",6,83
"c.6..102.",6,102
"c.6..111.",6,111
"c.6..112.",6,112
"c.6..145.",6,145
"c.6..171.",6,171
"c.6..196.",6,196
"c.6..208.",6,208
"c.6..222.",6,222
"c.6..229.",6,229
"c.6..274.",6,274
"c.6..286.",6,286
"c.6..292.",6,292
"c.6..307.",6,307
"c.6..334.",6,334
"c.6..393.",6,393
"c.7..17.",7,17
"c.7..40.",7,40
"c.7..41.",7,41
"c.7..83.",7,83
"c.7..102.",7,102
"c.7..119.",7,119
"c.7..131.",7,131
"c.7..136.",7,136
"c.7..166.",7,166
"c.7..167.",7,167
"c.7..171.",7,171
"c.7..196.",7,196
"c.7..294.",7,294
"c.7..304.",7,304
"c.7..316.",7,316
"c.7..334.",7,334
"c.7..347.",7,347
"c.7..359.",7,359
"c.8..14.",8,14
"c.8..15.",8,15
"c.8..30.",8,30
"c.8..35.",8,35
"c.8..40.",8,40
"c.8..81.",8,81
"c.8..87.",8,87
"c.8..106.",8,106
"c.8..119.",8,119
"c.8..145.",8,145
"c.8..189.",8,189
"c.8..196.",8,196
"c.8..263.",8,263
"c.8..274.",8,274
"c.8..286.",8,286
"c.8..310.",8,310
"c.8..331.",8,331
"c.8..393.",8,393
"c.9..37.",9,37
"c.9..50.",9,50
"c.9..63.",9,63
"c.9..80.",9,80
"c.9..82.",9,82
"c.9..101.",9,101
"c.9..110.",9,110
"c.9..114.",9,114
"c.9..115.",9,115
"c.9..126.",9,126
"c.9..135.",9,135
"c.9..148.",9,148
"c.9..205.",9,205
"c.9..242.",9,242
"c.9..255.",9,255
"c.9..289.",9,289
"c.9..301.",9,301
"c.9..380.",9,380
"c.10..18.",10,18
"c.10..20.",10,20
"c.10..23.",10,23
"c.10..75.",10,75
"c.10..92.",10,92
"c.10..105.",10,105
"c.10..107.",10,107
"c.10..160.",10,160
"c.10..165.",10,165
"c.10..218.",10,218
"c.10..241.",10,241
"c.10..257.",10,257
"c.10..275.",10,275
"c.10..295.",10,295
"c.10..313.",10,313
"c.10..325.",10,325
"c.10..361.",10,361
"c.10..377.",10,377
"c.11..25.",11,25
"c.11..38.",11,38
"c.11..46.",11,46
"c.11..53.",11,53
"c.11..60.",11,60
"c.11..74.",11,74
"c.11..86.",11,86
"c.11..111.",11,111
"c.11..129.",11,129
"c.11..132.",11,132
"c.11..138.",11,138
"c.11..153.",11,153
"c.11..217.",11,217
"c.11..224.",11,224
"c.11..228.",11,228
"c.11..297.",11,297
"c.11..306.",11,306
"c.11..327.",11,327
"c.11..333.",11,333
"c.12..60.",12,60
"c.12..64.",12,64
"c.12..66.",12,66
"c.12..67.",12,67
"c.12..72.",12,72
"c.12..74.",12,74
"c.12..111.",12,111
"c.12..129.",12,129
"c.12..137.",12,137
"c.12..147.",12,147
"c.12..155.",12,155
"c.12..166.",12,166
"c.12..171.",12,171
"c.12..174.",12,174
"c.12..228.",12,228
"c.12..230.",12,230
"c.12..294.",12,294
"c.12..392.",12,392
"c.13..32.",13,32
"c.13..34.",13,34
"c.13..47.",13,47
"c.13..56.",13,56
"c.13..79.",13,79
"c.13..80.",13,80
"c.13..97.",13,97
"c.13..98.",13,98
"c.13..126.",13,126
"c.13..148.",13,148
"c.13..266.",13,266
"c.13..267.",13,267
"c.13..302.",13,302
"c.13..341.",13,341
"c.13..354.",13,354
"c.13..378.",13,378
"c.13..381.",13,381
"c.13..387.",13,387
"c.13..398.",13,398
"c.14..24.",14,24
"c.14..30.",14,30
"c.14..35.",14,35
"c.14..40.",14,40
"c.14..106.",14,106
"c.14..119.",14,119
"c.14..133.",14,133
"c.14..145.",14,145
"c.14..167.",14,167
"c.14..189.",14,189
"c.14..196.",14,196
"c.14..214.",14,214
"c.14..274.",14,274
"c.14..286.",14,286
"c.14..331.",14,331
"c.14..340.",14,340
"c.14..356.",14,356
"c.14..383.",14,383
"c.15..21.",15,21
"c.15..24.",15,24
"c.15..30.",15,30
"c.15..35.",15,35
"c.15..87.",15,87
"c.15..125.",15,125
"c.15..189.",15,189
"c.15..214.",15,214
"c.15..223.",15,223
"c.15..225.",15,225
"c.15..237.",15,237
"c.15..243.",15,243
"c.15..271.",15,271
"c.15..274.",15,274
"c.15..276.",15,276
"c.15..309.",15,309
"c.15..315.",15,315
"c.15..327.",15,327
"c.15..356.",15,356
"c.16..34.",16,34
"c.16..37.",16,37
"c.16..47.",16,47
"c.16..58.",16,58
"c.16..94.",16,94
"c.16..97.",16,97
"c.16..98.",16,98
"c.16..118.",16,118
"c.16..154.",16,154
"c.16..216.",16,216
"c.16..232.",16,232
"c.16..254.",16,254
"c.16..267.",16,267
"c.16..273.",16,273
"c.16..322.",16,322
"c.16..338.",16,338
"c.16..381.",16,381
"c.16..384.",16,384
"c.17..33.",17,33
"c.17..69.",17,69
"c.17..102.",17,102
"c.17..124.",17,124
"c.17..129.",17,129
"c.17..166.",17,166
"c.17..171.",17,171
"c.17..172.",17,172
"c.17..177.",17,177
"c.17..284.",17,284
"c.17..294.",17,294
"c.17..304.",17,304
"c.17..305.",17,305
"c.17..316.",17,316
"c.17..320.",17,320
"c.17..342.",17,342
"c.17..392.",17,392
"c.17..399.",17,399
"c.18..20.",18,20
"c.18..23.",18,23
"c.18..75.",18,75
"c.18..105.",18,105
"c.18..107.",18,107
"c.18..143.",18,143
"c.18..160.",18,160
"c.18..165.",18,165
"c.18..257.",18,257
"c.18..272.",18,272
"c.18..275.",18,275
"c.18..281.",18,281
"c.18..295.",18,295
"c.18..325.",18,325
"c.18..361.",18,361
"c.18..366.",18,366
"c.18..377.",18,377
"c.19..88.",19,88
"c.19..92.",19,92
"c.19..117.",19,117
"c.19..122.",19,122
"c.19..134.",19,134
"c.19..139.",19,139
"c.19..178.",19,178
"c.19..181.",19,181
"c.19..190.",19,190
"c.19..241.",19,241
"c.19..249.",19,249
"c.19..258.",19,258
"c.19..288.",19,288
"c.19..303.",19,303
"c.19..312.",19,312
"c.19..325.",19,325
"c.19..376.",19,376
"c.19..385.",19,385
"c.19..389.",19,389
"c.20..23.",20,23
"c.20..75.",20,75
"c.20..88.",20,88
"c.20..92.",20,92
"c.20..105.",20,105
"c.20..107.",20,107
"c.20..122.",20,122
"c.20..143.",20,143
"c.20..160.",20,160
"c.20..165.",20,165
"c.20..179.",20,179
"c.20..241.",20,241
"c.20..275.",20,275
"c.20..312.",20,312
"c.20..317.",20,317
"c.20..325.",20,325
"c.20..366.",20,366
"c.21..24.",21,24
"c.21..30.",21,30
"c.21..87.",21,87
"c.21..125.",21,125
"c.21..147.",21,147
"c.21..182.",21,182
"c.21..189.",21,189
"c.21..214.",21,214
"c.21..222.",21,222
"c.21..223.",21,223
"c.21..225.",21,225
"c.21..243.",21,243
"c.21..271.",21,271
"c.21..274.",21,274
"c.21..309.",21,309
"c.21..327.",21,327
"c.21..356.",21,356
"c.21..395.",21,395
"c.22..36.",22,36
"c.22..47.",22,47
"c.22..80.",22,80
"c.22..110.",22,110
"c.22..114.",22,114
"c.22..126.",22,126
"c.22..163.",22,163
"c.22..173.",22,173
"c.22..184.",22,184
"c.22..215.",22,215
"c.22..234.",22,234
"c.22..283.",22,283
"c.22..302.",22,302
"c.22..311.",22,311
"c.22..341.",22,341
"c.22..367.",22,367
"c.22..378.",22,378
"c.22..397.",22,397
"c.22..398.",22,398
"c.23..92.",23,92
"c.23..122.",23,122
"c.23..134.",23,134
"c.23..139.",23,139
"c.23..160.",23,160
"c.23..181.",23,181
"c.23..241.",23,241
"c.23..257.",23,257
"c.23..275.",23,275
"c.23..303.",23,303
"c.23..312.",23,312
"c.23..317.",23,317
"c.23..325.",23,325
"c.23..361.",23,361
"c.23..376.",23,376
"c.23..385.",23,385
"c.24..42.",24,42
"c.24..68.",24,68
"c.24..87.",24,87
"c.24..119.",24,119
"c.24..138.",24,138
"c.24..182.",24,182
"c.24..189.",24,189
"c.24..214.",24,214
"c.24..223.",24,223
"c.24..225.",24,225
"c.24..237.",24,237
"c.24..243.",24,243
"c.24..274.",24,274
"c.24..276.",24,276
"c.24..309.",24,309
"c.24..356.",24,356
"c.24..382.",24,382
"c.24..383.",24,383
"c.24..395.",24,395
"c.25..38.",25,38
"c.25..53.",25,53
"c.25..60.",25,60
"c.25..68.",25,68
"c.25..90.",25,90
"c.25..138.",25,138
"c.25..153.",25,153
"c.25..217.",25,217
"c.25..224.",25,224
"c.25..276.",25,276
"c.25..297.",25,297
"c.25..298.",25,298
"c.25..327.",25,327
"c.25..333.",25,333
"c.25..339.",25,339
"c.25..343.",25,343
"c.25..358.",25,358
"c.25..383.",25,383
"c.26..29.",26,29
"c.26..37.",26,37
"c.26..49.",26,49
"c.26..51.",26,51
"c.26..52.",26,52
"c.26..63.",26,63
"c.26..65.",26,65
"c.26..115.",26,115
"c.26..118.",26,118
"c.26..180.",26,180
"c.26..206.",26,206
"c.26..232.",26,232
"c.26..259.",26,259
"c.26..268.",26,268
"c.26..273.",26,273
"c.26..293.",26,293
"c.26..301.",26,301
"c.26..360.",26,360
"c.27..38.",27,38
"c.27..53.",27,53
"c.27..54.",27,54
"c.27..68.",27,68
"c.27..74.",27,74
"c.27..108.",27,108
"c.27..116.",27,116
"c.27..129.",27,129
"c.27..182.",27,182
"c.27..224.",27,224
"c.27..291.",27,291
"c.27..297.",27,297
"c.27..298.",27,298
"c.27..306.",27,306
"c.27..333.",27,333
"c.27..339.",27,339
"c.27..368.",27,368
"c.28..66.",28,66
"c.28..74.",28,74
"c.28..140.",28,140
"c.28..166.",28,166
"c.28..174.",28,174
"c.28..191.",28,191
"c.28..224.",28,224
"c.28..228.",28,228
"c.28..230.",28,230
"c.28..236.",28,236
"c.28..240.",28,240
"c.28..250.",28,250
"c.28..252.",28,252
"c.28..285.",28,285
"c.28..332.",28,332
"c.28..342.",28,342
"c.28..353.",28,353
"c.28..372.",28,372
"c.29..37.",29,37
"c.29..49.",29,49
"c.29..51.",29,51
"c.29..52.",29,52
"c.29..63.",29,63
"c.29..65.",29,65
"c.29..118.",29,118
"c.29..135.",29,135
"c.29..180.",29,180
"c.29..183.",29,183
"c.29..206.",29,206
"c.29..232.",29,232
"c.29..239.",29,239
"c.29..259.",29,259
"c.29..293.",29,293
"c.29..301.",29,301
"c.29..328.",29,328
"c.29..360.",29,360
"c.29..371.",29,371
"c.30..106.",30,106
"c.30..112.",30,112
"c.30..125.",30,125
"c.30..171.",30,171
"c.30..182.",30,182
"c.30..189.",30,189
"c.30..214.",30,214
"c.30..222.",30,222
"c.30..223.",30,223
"c.30..262.",30,262
"c.30..274.",30,274
"c.30..286.",30,286
"c.30..309.",30,309
"c.30..327.",30,327
"c.30..340.",30,340
"c.30..383.",30,383
"c.31..88.",31,88
"c.31..117.",31,117
"c.31..122.",31,122
"c.31..134.",31,134
"c.31..139.",31,139
"c.31..178.",31,178
"c.31..181.",31,181
"c.31..192.",31,192
"c.31..231.",31,231
"c.31..241.",31,241
"c.31..249.",31,249
"c.31..253.",31,253
"c.31..258.",31,258
"c.31..280.",31,280
"c.31..288.",31,288
"c.31..325.",31,325
"c.31..337.",31,337
"c.31..376.",31,376
"c.32..47.",32,47
"c.32..56.",32,56
"c.32..79.",32,79
"c.32..84.",32,84
"c.32..94.",32,94
"c.32..95.",32,95
"c.32..97.",32,97
"c.32..98.",32,98
"c.32..126.",32,126
"c.32..148.",32,148
"c.32..216.",32,216
"c.32..290.",32,290
"c.32..302.",32,302
"c.32..319.",32,319
"c.32..355.",32,355
"c.32..367.",32,367
"c.32..381.",32,381
"c.32..384.",32,384
"c.33..83.",33,83
"c.33..102.",33,102
"c.33..124.",33,124
"c.33..129.",33,129
"c.33..166.",33,166
"c.33..171.",33,171
"c.33..172.",33,172
"c.33..219.",33,219
"c.33..226.",33,226
"c.33..235.",33,235
"c.33..294.",33,294
"c.33..305.",33,305
"c.33..316.",33,316
"c.33..320.",33,320
"c.33..342.",33,342
"c.33..390.",33,390
"c.33..394.",33,394
"c.34..37.",34,37
"c.34..47.",34,47
"c.34..58.",34,58
"c.34..79.",34,79
"c.34..94.",34,94
"c.34..95.",34,95
"c.34..97.",34,97
"c.34..154.",34,154
"c.34..216.",34,216
"c.34..232.",34,232
"c.34..266.",34,266
"c.34..267.",34,267
"c.34..302.",34,302
"c.34..322.",34,322
"c.34..338.",34,338
"c.34..378.",34,378
"c.34..381.",34,381
"c.35..38.",35,38
"c.35..42.",35,42
"c.35..70.",35,70
"c.35..76.",35,76
"c.35..102.",35,102
"c.35..125.",35,125
"c.35..153.",35,153
"c.35..171.",35,171
"c.35..189.",35,189
"c.35..222.",35,222
"c.35..237.",35,237
"c.35..274.",35,274
"c.35..315.",35,315
"c.35..327.",35,327
"c.35..333.",35,333
"c.35..340.",35,340
"c.35..386.",35,386
"c.36..56.",36,56
"c.36..80.",36,80
"c.36..84.",36,84
"c.36..110.",36,110
"c.36..126.",36,126
"c.36..163.",36,163
"c.36..173.",36,173
"c.36..200.",36,200
"c.36..215.",36,215
"c.36..234.",36,234
"c.36..302.",36,302
"c.36..311.",36,311
"c.36..321.",36,321
"c.36..341.",36,341
"c.36..367.",36,367
"c.36..378.",36,378
"c.36..397.",36,397
"c.36..398.",36,398
"c.37..51.",37,51
"c.37..52.",37,52
"c.37..63.",37,63
"c.37..115.",37,115
"c.37..118.",37,118
"c.37..135.",37,135
"c.37..148.",37,148
"c.37..183.",37,183
"c.37..232.",37,232
"c.37..254.",37,254
"c.37..259.",37,259
"c.37..267.",37,267
"c.37..322.",37,322
"c.37..338.",37,338
"c.37..360.",37,360
"c.37..381.",37,381
"c.37..384.",37,384
"c.38..60.",38,60
"c.38..64.",38,64
"c.38..68.",38,68
"c.38..96.",38,96
"c.38..129.",38,129
"c.38..138.",38,138
"c.38..153.",38,153
"c.38..156.",38,156
"c.38..171.",38,171
"c.38..217.",38,217
"c.38..224.",38,224
"c.38..297.",38,297
"c.38..333.",38,333
"c.38..339.",38,339
"c.38..358.",38,358
"c.38..369.",38,369
"c.38..383.",38,383
"c.39..81.",39,81
"c.39..104.",39,104
"c.39..128.",39,128
"c.39..141.",39,141
"c.39..150.",39,150
"c.39..185.",39,185
"c.39..186.",39,186
"c.39..194.",39,194
"c.39..199.",39,199
"c.39..211.",39,211
"c.39..227.",39,227
"c.39..269.",39,269
"c.39..282.",39,282
"c.39..287.",39,287
"c.39..300.",39,300
"c.39..329.",39,329
"c.39..346.",39,346
"c.39..348.",39,348
"c.39..379.",39,379
"c.40..41.",40,41
"c.40..81.",40,81
"c.40..83.",40,83
"c.40..112.",40,112
"c.40..145.",40,145
"c.40..164.",40,164
"c.40..171.",40,171
"c.40..196.",40,196
"c.40..208.",40,208
"c.40..229.",40,229
"c.40..274.",40,274
"c.40..286.",40,286
"c.40..334.",40,334
"c.40..347.",40,347
"c.40..359.",40,359
"c.40..393.",40,393
"c.41..72.",41,72
"c.41..83.",41,83
"c.41..111.",41,111
"c.41..113.",41,113
"c.41..166.",41,166
"c.41..171.",41,171
"c.41..191.",41,191
"c.41..193.",41,193
"c.41..196.",41,196
"c.41..208.",41,208
"c.41..228.",41,228
"c.41..229.",41,229
"c.41..260.",41,260
"c.41..284.",41,284
"c.41..306.",41,306
"c.41..307.",41,307
"c.41..347.",41,347
"c.42..60.",42,60
"c.42..64.",42,64
"c.42..68.",42,68
"c.42..76.",42,76
"c.42..189.",42,189
"c.42..223.",42,223
"c.42..225.",42,225
"c.42..237.",42,237
"c.42..274.",42,274
"c.42..276.",42,276
"c.42..297.",42,297
"c.42..327.",42,327
"c.42..333.",42,333
"c.42..343.",42,343
"c.42..368.",42,368
"c.42..383.",42,383
"c.43..44.",43,44
"c.43..53.",43,53
"c.43..69.",43,69
"c.43..102.",43,102
"c.43..131.",43,131
"c.43..169.",43,169
"c.43..235.",43,235
"c.43..261.",43,261
"c.43..276.",43,276
"c.43..278.",43,278
"c.43..294.",43,294
"c.43..297.",43,297
"c.43..298.",43,298
"c.43..306.",43,306
"c.43..316.",43,316
"c.43..347.",43,347
"c.43..350.",43,350
"c.43..394.",43,394
"c.43..399.",43,399
"c.44..53.",44,53
"c.44..54.",44,54
"c.44..68.",44,68
"c.44..90.",44,90
"c.44..124.",44,124
"c.44..129.",44,129
"c.44..155.",44,155
"c.44..169.",44,169
"c.44..176.",44,176
"c.44..226.",44,226
"c.44..235.",44,235
"c.44..276.",44,276
"c.44..294.",44,294
"c.44..298.",44,298
"c.44..316.",44,316
"c.44..368.",44,368
"c.44..394.",44,394
"c.45..66.",45,66
"c.45..72.",45,72
"c.45..83.",45,83
"c.45..102.",45,102
"c.45..111.",45,111
"c.45..113.",45,113
"c.45..171.",45,171
"c.45..220.",45,220
"c.45..222.",45,222
"c.45..226.",45,226
"c.45..250.",45,250
"c.45..294.",45,294
"c.45..304.",45,304
"c.45..330.",45,330
"c.45..347.",45,347
"c.45..350.",45,350
"c.46..60.",46,60
"c.46..61.",46,61
"c.46..68.",46,68
"c.46..129.",46,129
"c.46..147.",46,147
"c.46..153.",46,153
"c.46..169.",46,169
"c.46..214.",46,214
"c.46..219.",46,219
"c.46..228.",46,228
"c.46..248.",46,248
"c.46..274.",46,274
"c.46..297.",46,297
"c.46..306.",46,306
"c.46..327.",46,327
"c.46..333.",46,333
"c.46..345.",46,345
"c.47..80.",47,80
"c.47..94.",47,94
"c.47..98.",47,98
"c.47..126.",47,126
"c.47..148.",47,148
"c.47..216.",47,216
"c.47..266.",47,266
"c.47..302.",47,302
"c.47..311.",47,311
"c.47..341.",47,341
"c.47..378.",47,378
"c.47..381.",47,381
"c.47..384.",47,384
"c.47..387.",47,387
"c.47..398.",47,398
"c.48..60.",48,60
"c.48..61.",48,61
"c.48..68.",48,68
"c.48..96.",48,96
"c.48..108.",48,108
"c.48..116.",48,116
"c.48..119.",48,119
"c.48..156.",48,156
"c.48..169.",48,169
"c.48..182.",48,182
"c.48..214.",48,214
"c.48..226.",48,226
"c.48..233.",48,233
"c.48..274.",48,274
"c.48..291.",48,291
"c.48..298.",48,298
"c.48..333.",48,333
"c.49..51.",49,51
"c.49..52.",49,52
"c.49..63.",49,63
"c.49..65.",49,65
"c.49..115.",49,115
"c.49..118.",49,118
"c.49..180.",49,180
"c.49..183.",49,183
"c.49..206.",49,206
"c.49..232.",49,232
"c.49..239.",49,239
"c.49..259.",49,259
"c.49..273.",49,273
"c.49..293.",49,293
"c.49..301.",49,301
"c.49..360.",49,360
"c.49..371.",49,371
"c.50..56.",50,56
"c.50..80.",50,80
"c.50..82.",50,82
"c.50..101.",50,101
"c.50..110.",50,110
"c.50..114.",50,114
"c.50..121.",50,121
"c.50..126.",50,126
"c.50..205.",50,205
"c.50..234.",50,234
"c.50..242.",50,242
"c.50..255.",50,255
"c.50..289.",50,289
"c.50..311.",50,311
"c.50..335.",50,335
"c.50..341.",50,341
"c.50..352.",50,352
"c.50..380.",50,380
"c.50..387.",50,387
"c.51..52.",51,52
"c.51..63.",51,63
"c.51..65.",51,65
"c.51..118.",51,118
"c.51..135.",51,135
"c.51..180.",51,180
"c.51..183.",51,183
"c.51..206.",51,206
"c.51..232.",51,232
"c.51..259.",51,259
"c.51..273.",51,273
"c.51..293.",51,293
"c.51..328.",51,328
"c.51..360.",51,360
"c.51..371.",51,371
"c.52..63.",52,63
"c.52..65.",52,65
"c.52..118.",52,118
"c.52..135.",52,135
"c.52..180.",52,180
"c.52..232.",52,232
"c.52..259.",52,259
"c.52..268.",52,268
"c.52..273.",52,273
"c.52..293.",52,293
"c.52..322.",52,322
"c.52..328.",52,328
"c.52..360.",52,360
"c.52..371.",52,371
"c.53..68.",53,68
"c.53..69.",53,69
"c.53..74.",53,74
"c.53..111.",53,111
"c.53..129.",53,129
"c.53..166.",53,166
"c.53..276.",53,276
"c.53..278.",53,278
"c.53..294.",53,294
"c.53..297.",53,297
"c.53..298.",53,298
"c.53..306.",53,306
"c.53..339.",53,339
"c.53..347.",53,347
"c.53..350.",53,350
"c.53..394.",53,394
"c.54..69.",54,69
"c.54..83.",54,83
"c.54..129.",54,129
"c.54..132.",54,132
"c.54..136.",54,136
"c.54..166.",54,166
"c.54..217.",54,217
"c.54..228.",54,228
"c.54..230.",54,230
"c.54..235.",54,235
"c.54..294.",54,294
"c.54..298.",54,298
"c.54..306.",54,306
"c.54..316.",54,316
"c.55..88.",55,88
"c.55..89.",55,89
"c.55..117.",55,117
"c.55..122.",55,122
"c.55..134.",55,134
"c.55..143.",55,143
"c.55..160.",55,160
"c.55..162.",55,162
"c.55..165.",55,165
"c.55..178.",55,178
"c.55..190.",55,190
"c.55..192.",55,192
"c.55..231.",55,231
"c.55..241.",55,241
"c.55..280.",55,280
"c.55..288.",55,288
"c.55..312.",55,312
"c.55..325.",55,325
"c.55..351.",55,351
"c.56..80.",56,80
"c.56..84.",56,84
"c.56..91.",56,91
"c.56..98.",56,98
"c.56..110.",56,110
"c.56..121.",56,121
"c.56..126.",56,126
"c.56..148.",56,148
"c.56..242.",56,242
"c.56..302.",56,302
"c.56..311.",56,311
"c.56..321.",56,321
"c.56..335.",56,335
"c.56..367.",56,367
"c.56..381.",56,381
"c.56..387.",56,387
"c.57..113.",57,113
"c.57..124.",57,124
"c.57..129.",57,129
"c.57..152.",57,152
"c.57..155.",57,155
"c.57..166.",57,166
"c.57..177.",57,177
"c.57..204.",57,204
"c.57..217.",57,217
"c.57..220.",57,220
"c.57..230.",57,230
"c.57..240.",57,240
"c.57..279.",57,279
"c.57..304.",57,304
"c.57..305.",57,305
"c.57..318.",57,318
"c.57..392.",57,392
"c.58..79.",58,79
"c.58..94.",58,94
"c.58..95.",58,95
"c.58..98.",58,98
"c.58..148.",58,148
"c.58..216.",58,216
"c.58..245.",58,245
"c.58..266.",58,266
"c.58..267.",58,267
"c.58..302.",58,302
"c.58..319.",58,319
"c.58..338.",58,338
"c.58..378.",58,378
"c.58..381.",58,381
"c.58..384.",58,384
"c.58..398.",58,398
"c.59..94.",59,94
"c.59..95.",59,95
"c.59..97.",59,97
"c.59..154.",59,154
"c.59..188.",59,188
"c.59..232.",59,232
"c.59..245.",59,245
"c.59..247.",59,247
"c.59..266.",59,266
"c.59..267.",59,267
"c.59..273.",59,273
"c.59..322.",59,322
"c.59..338.",59,338
"c.59..381.",59,381
"c.59..384.",59,384
"c.60..61.",60,61
"c.60..64.",60,64
"c.60..68.",60,68
"c.60..74.",60,74
"c.60..96.",60,96
"c.60..129.",60,129
"c.60..153.",60,153
"c.60..156.",60,156
"c.60..217.",60,217
"c.60..224.",60,224
"c.60..226.",60,226
"c.60..233.",60,233
"c.60..237.",60,237
"c.60..333.",60,333
"c.60..339.",60,339
"c.60..369.",60,369
"c.61..68.",61,68
"c.61..90.",61,90
"c.61..96.",61,96
"c.61..108.",61,108
"c.61..116.",61,116
"c.61..224.",61,224
"c.61..226.",61,226
"c.61..233.",61,233
"c.61..291.",61,291
"c.61..297.",61,297
"c.61..298.",61,298
"c.61..333.",61,333
"c.61..349.",61,349
"c.61..358.",61,358
"c.62..71.",62,71
"c.62..100.",62,100
"c.62..104.",62,104
"c.62..141.",62,141
"c.62..142.",62,142
"c.62..150.",62,150
"c.62..157.",62,157
"c.62..185.",62,185
"c.62..194.",62,194
"c.62..197.",62,197
"c.62..265.",62,265
"c.62..269.",62,269
"c.62..287.",62,287
"c.62..299.",62,299
"c.62..329.",62,329
"c.62..336.",62,336
"c.62..363.",62,363
"c.62..364.",62,364
"c.63..65.",63,65
"c.63..82.",63,82
"c.63..115.",63,115
"c.63..118.",63,118
"c.63..135.",63,135
"c.63..232.",63,232
"c.63..255.",63,255
"c.63..268.",63,268
"c.63..273.",63,273
"c.63..293.",63,293
"c.63..360.",63,360
"c.63..371.",63,371
"c.63..380.",63,380
"c.64..68.",64,68
"c.64..76.",64,76
"c.64..129.",64,129
"c.64..137.",64,137
"c.64..153.",64,153
"c.64..156.",64,156
"c.64..187.",64,187
"c.64..230.",64,230
"c.64..276.",64,276
"c.64..278.",64,278
"c.64..327.",64,327
"c.64..333.",64,333
"c.64..358.",64,358
"c.64..368.",64,368
"c.64..369.",64,369
"c.65..115.",65,115
"c.65..118.",65,118
"c.65..135.",65,135
"c.65..180.",65,180
"c.65..183.",65,183
"c.65..232.",65,232
"c.65..268.",65,268
"c.65..273.",65,273
"c.65..293.",65,293
"c.65..301.",65,301
"c.65..328.",65,328
"c.65..360.",65,360
"c.66..72.",66,72
"c.66..76.",66,76
"c.66..83.",66,83
"c.66..113.",66,113
"c.66..137.",66,137
"c.66..171.",66,171
"c.66..187.",66,187
"c.66..230.",66,230
"c.66..260.",66,260
"c.66..284.",66,284
"c.66..304.",66,304
"c.66..315.",66,315
"c.66..330.",66,330
"c.66..353.",66,353
"c.66..392.",66,392
"c.67..69.",67,69
"c.67..72.",67,72
"c.67..76.",67,76
"c.67..111.",67,111
"c.67..129.",67,129
"c.67..147.",67,147
"c.67..155.",67,155
"c.67..166.",67,166
"c.67..171.",67,171
"c.67..187.",67,187
"c.67..191.",67,191
"c.67..228.",67,228
"c.67..284.",67,284
"c.67..292.",67,292
"c.67..315.",67,315
"c.67..392.",67,392
"c.68..108.",68,108
"c.68..116.",68,116
"c.68..156.",68,156
"c.68..182.",68,182
"c.68..297.",68,297
"c.68..298.",68,298
"c.68..306.",68,306
"c.68..333.",68,333
"c.68..339.",68,339
"c.68..358.",68,358
"c.68..368.",68,368
"c.68..369.",68,369
"c.68..383.",68,383
"c.69..72.",69,72
"c.69..136.",69,136
"c.69..137.",69,137
"c.69..166.",69,166
"c.69..171.",69,171
"c.69..235.",69,235
"c.69..246.",69,246
"c.69..260.",69,260
"c.69..278.",69,278
"c.69..297.",69,297
"c.69..316.",69,316
"c.69..347.",69,347
"c.69..358.",69,358
"c.69..394.",69,394
"c.69..399.",69,399
"c.70..72.",70,72
"c.70..76.",70,76
"c.70..83.",70,83
"c.70..102.",70,102
"c.70..137.",70,137
"c.70..147.",70,147
"c.70..171.",70,171
"c.70..187.",70,187
"c.70..222.",70,222
"c.70..246.",70,246
"c.70..284.",70,284
"c.70..315.",70,315
"c.70..316.",70,316
"c.70..390.",70,390
"c.70..399.",70,399
"c.71..73.",71,73
"c.71..100.",71,100
"c.71..104.",71,104
"c.71..128.",71,128
"c.71..149.",71,149
"c.71..157.",71,157
"c.71..185.",71,185
"c.71..194.",71,194
"c.71..197.",71,197
"c.71..265.",71,265
"c.71..287.",71,287
"c.71..299.",71,299
"c.71..300.",71,300
"c.71..329.",71,329
"c.71..336.",71,336
"c.71..363.",71,363
"c.71..364.",71,364
"c.72..83.",72,83
"c.72..111.",72,111
"c.72..129.",72,129
"c.72..166.",72,166
"c.72..171.",72,171
"c.72..191.",72,191
"c.72..217.",72,217
"c.72..228.",72,228
"c.72..230.",72,230
"c.72..260.",72,260
"c.72..284.",72,284
"c.72..294.",72,294
"c.72..306.",72,306
"c.72..315.",72,315
"c.72..316.",72,316
"c.72..392.",72,392
"c.73..100.",73,100
"c.73..104.",73,104
"c.73..142.",73,142
"c.73..150.",73,150
"c.73..157.",73,157
"c.73..185.",73,185
"c.73..194.",73,194
"c.73..197.",73,197
"c.73..265.",73,265
"c.73..287.",73,287
"c.73..299.",73,299
"c.73..300.",73,300
"c.73..329.",73,329
"c.73..336.",73,336
"c.73..363.",73,363
"c.73..364.",73,364
"c.74..108.",74,108
"c.74..111.",74,111
"c.74..129.",74,129
"c.74..166.",74,166
"c.74..204.",74,204
"c.74..217.",74,217
"c.74..224.",74,224
"c.74..230.",74,230
"c.74..306.",74,306
"c.74..339.",74,339
"c.74..349.",74,349
"c.74..369.",74,369
"c.75..88.",75,88
"c.75..92.",75,92
"c.75..105.",75,105
"c.75..107.",75,107
"c.75..122.",75,122
"c.75..143.",75,143
"c.75..160.",75,160
"c.75..178.",75,178
"c.75..190.",75,190
"c.75..241.",75,241
"c.75..275.",75,275
"c.75..312.",75,312
"c.75..325.",75,325
"c.75..366.",75,366
"c.75..385.",75,385
"c.76..102.",76,102
"c.76..129.",76,129
"c.76..137.",76,137
"c.76..147.",76,147
"c.76..171.",76,171
"c.76..187.",76,187
"c.76..189.",76,189
"c.76..222.",76,222
"c.76..223.",76,223
"c.76..237.",76,237
"c.76..274.",76,274
"c.76..315.",76,315
"c.76..327.",76,327
"c.76..343.",76,343
"c.77..83.",77,83
"c.77..111.",77,111
"c.77..124.",77,124
"c.77..130.",77,130
"c.77..155.",77,155
"c.77..166.",77,166
"c.77..170.",77,170
"c.77..235.",77,235
"c.77..294.",77,294
"c.77..344.",77,344
"c.77..350.",77,350
"c.77..375.",77,375
"c.77..394.",77,394
"c.78..108.",78,108
"c.78..111.",78,111
"c.78..129.",78,129
"c.78..132.",78,132
"c.78..153.",78,153
"c.78..166.",78,166
"c.78..207.",78,207
"c.78..217.",78,217
"c.78..220.",78,220
"c.78..224.",78,224
"c.78..226.",78,226
"c.78..248.",78,248
"c.78..294.",78,294
"c.78..297.",78,297
"c.78..394.",78,394
"c.79..95.",79,95
"c.79..97.",79,97
"c.79..148.",79,148
"c.79..163.",79,163
"c.79..216.",79,216
"c.79..266.",79,266
"c.79..267.",79,267
"c.79..283.",79,283
"c.79..302.",79,302
"c.79..354.",79,354
"c.79..378.",79,378
"c.79..381.",79,381
"c.79..398.",79,398
"c.80..84.",80,84
"c.80..91.",80,91
"c.80..110.",80,110
"c.80..114.",80,114
"c.80..121.",80,121
"c.80..126.",80,126
"c.80..221.",80,221
"c.80..234.",80,234
"c.80..242.",80,242
"c.80..302.",80,302
"c.80..311.",80,311
"c.80..321.",80,321
"c.80..335.",80,335
"c.80..341.",80,341
"c.80..387.",80,387
"c.81..136.",81,136
"c.81..145.",81,145
"c.81..150.",81,150
"c.81..164.",81,164
"c.81..171.",81,171
"c.81..187.",81,187
"c.81..208.",81,208
"c.81..227.",81,227
"c.81..263.",81,263
"c.81..274.",81,274
"c.81..315.",81,315
"c.81..359.",81,359
"c.81..386.",81,386
"c.82..91.",82,91
"c.82..101.",82,101
"c.82..110.",82,110
"c.82..114.",82,114
"c.82..121.",82,121
"c.82..126.",82,126
"c.82..148.",82,148
"c.82..205.",82,205
"c.82..216.",82,216
"c.82..242.",82,242
"c.82..254.",82,254
"c.82..255.",82,255
"c.82..319.",82,319
"c.82..335.",82,335
"c.83..111.",83,111
"c.83..129.",83,129
"c.83..166.",83,166
"c.83..170.",83,170
"c.83..171.",83,171
"c.83..217.",83,217
"c.83..222.",83,222
"c.83..224.",83,224
"c.83..228.",83,228
"c.83..230.",83,230
"c.83..284.",83,284
"c.83..294.",83,294
"c.83..316.",83,316
"c.83..347.",83,347
"c.83..390.",83,390
"c.84..91.",84,91
"c.84..98.",84,98
"c.84..110.",84,110
"c.84..114.",84,114
"c.84..121.",84,121
"c.84..126.",84,126
"c.84..163.",84,163
"c.84..234.",84,234
"c.84..302.",84,302
"c.84..311.",84,311
"c.84..321.",84,321
"c.84..341.",84,341
"c.84..367.",84,367
"c.84..387.",84,387
"c.84..397.",84,397
"c.85..105.",85,105
"c.85..107.",85,107
"c.85..143.",85,143
"c.85..160.",85,160
"c.85..162.",85,162
"c.85..165.",85,165
"c.85..178.",85,178
"c.85..218.",85,218
"c.85..241.",85,241
"c.85..257.",85,257
"c.85..275.",85,275
"c.85..281.",85,281
"c.85..295.",85,295
"c.85..361.",85,361
"c.85..366.",85,366
"c.86..111.",86,111
"c.86..147.",86,147
"c.86..153.",86,153
"c.86..182.",86,182
"c.86..217.",86,217
"c.86..222.",86,222
"c.86..297.",86,297
"c.86..306.",86,306
"c.86..327.",86,327
"c.86..339.",86,339
"c.86..343.",86,343
"c.86..375.",86,375
"c.86..383.",86,383
"c.86..391.",86,391
"c.87..125.",87,125
"c.87..147.",87,147
"c.87..182.",87,182
"c.87..189.",87,189
"c.87..214.",87,214
"c.87..223.",87,223
"c.87..243.",87,243
"c.87..262.",87,262
"c.87..271.",87,271
"c.87..274.",87,274
"c.87..291.",87,291
"c.87..309.",87,309
"c.87..356.",87,356
"c.87..395.",87,395
"c.88..117.",88,117
"c.88..122.",88,122
"c.88..134.",88,134
"c.88..139.",88,139
"c.88..143.",88,143
"c.88..160.",88,160
"c.88..162.",88,162
"c.88..190.",88,190
"c.88..241.",88,241
"c.88..249.",88,249
"c.88..275.",88,275
"c.88..280.",88,280
"c.88..288.",88,288
"c.88..317.",88,317
"c.88..325.",88,325
"c.88..376.",88,376
"c.88..385.",88,385
"c.88..389.",88,389
"c.89..117.",89,117
"c.89..122.",89,122
"c.89..134.",89,134
"c.89..162.",89,162
"c.89..178.",89,178
"c.89..190.",89,190
"c.89..192.",89,192
"c.89..241.",89,241
"c.89..280.",89,280
"c.89..303.",89,303
"c.89..312.",89,312
"c.89..313.",89,313
"c.89..317.",89,317
"c.89..325.",89,325
"c.89..376.",89,376
"c.90..129.",90,129
"c.90..153.",90,153
"c.90..176.",90,176
"c.90..207.",90,207
"c.90..217.",90,217
"c.90..224.",90,224
"c.90..298.",90,298
"c.90..333.",90,333
"c.90..349.",90,349
"c.90..358.",90,358
"c.90..368.",90,368
"c.90..383.",90,383
"c.90..386.",90,386
"c.91..94.",91,94
"c.91..98.",91,98
"c.91..110.",91,110
"c.91..126.",91,126
"c.91..221.",91,221
"c.91..247.",91,247
"c.91..254.",91,254
"c.91..290.",91,290
"c.91..302.",91,302
"c.91..321.",91,321
"c.91..367.",91,367
"c.91..381.",91,381
"c.91..387.",91,387
"c.92..122.",92,122
"c.92..160.",92,160
"c.92..181.",92,181
"c.92..241.",92,241
"c.92..249.",92,249
"c.92..253.",92,253
"c.92..257.",92,257
"c.92..275.",92,275
"c.92..280.",92,280
"c.92..303.",92,303
"c.92..313.",92,313
"c.92..317.",92,317
"c.92..325.",92,325
"c.92..376.",92,376
"c.92..385.",92,385
"c.92..389.",92,389
"c.93..117.",93,117
"c.93..122.",93,122
"c.93..134.",93,134
"c.93..160.",93,160
"c.93..165.",93,165
"c.93..178.",93,178
"c.93..190.",93,190
"c.93..218.",93,218
"c.93..231.",93,231
"c.93..241.",93,241
"c.93..253.",93,253
"c.93..258.",93,258
"c.93..280.",93,280
"c.93..288.",93,288
"c.93..313.",93,313
"c.93..325.",93,325
"c.93..337.",93,337
"c.94..97.",94,97
"c.94..98.",94,98
"c.94..126.",94,126
"c.94..188.",94,188
"c.94..216.",94,216
"c.94..254.",94,254
"c.94..266.",94,266
"c.94..267.",94,267
"c.94..302.",94,302
"c.94..322.",94,322
"c.94..338.",94,338
"c.94..378.",94,378
"c.94..381.",94,381
"c.94..384.",94,384
"c.95..97.",95,97
"c.95..98.",95,98
"c.95..163.",95,163
"c.95..245.",95,245
"c.95..266.",95,266
"c.95..267.",95,267
"c.95..283.",95,283
"c.95..355.",95,355
"c.95..378.",95,378
"c.95..381.",95,381
"c.95..384.",95,384
"c.95..398.",95,398
"c.96..153.",96,153
"c.96..156.",96,156
"c.96..207.",96,207
"c.96..217.",96,217
"c.96..224.",96,224
"c.96..226.",96,226
"c.96..233.",96,233
"c.96..327.",96,327
"c.96..333.",96,333
"c.96..369.",96,369
"c.96..383.",96,383
"c.96..395.",96,395
"c.97..98.",97,98
"c.97..154.",97,154
"c.97..221.",97,221
"c.97..247.",97,247
"c.97..266.",97,266
"c.97..267.",97,267
"c.97..321.",97,321
"c.97..354.",97,354
"c.97..355.",97,355
"c.97..378.",97,378
"c.97..381.",97,381
"c.97..384.",97,384
"c.98..110.",98,110
"c.98..121.",98,121
"c.98..126.",98,126
"c.98..163.",98,163
"c.98..216.",98,216
"c.98..302.",98,302
"c.98..321.",98,321
"c.98..367.",98,367
"c.98..378.",98,378
"c.98..381.",98,381
"c.98..384.",98,384
"c.98..387.",98,387
"c.98..398.",98,398
"c.99..109.",99,109
"c.99..148.",99,148
"c.99..161.",99,161
"c.99..175.",99,175
"c.99..254.",99,254
"c.99..267.",99,267
"c.99..268.",99,268
"c.99..277.",99,277
"c.99..321.",99,321
"c.99..324.",99,324
"c.99..326.",99,326
"c.99..370.",99,370
"c.99..378.",99,378
"c.100..104.",100,104
"c.100..128.",100,128
"c.100..157.",100,157
"c.100..185.",100,185
"c.100..186.",100,186
"c.100..194.",100,194
"c.100..197.",100,197
"c.100..265.",100,265
"c.100..269.",100,269
"c.100..287.",100,287
"c.100..299.",100,299
"c.100..300.",100,300
"c.100..329.",100,329
"c.100..336.",100,336
"c.100..363.",100,363
"c.100..364.",100,364
"c.101..110.",101,110
"c.101..114.",101,114
"c.101..121.",101,121
"c.101..126.",101,126
"c.101..205.",101,205
"c.101..234.",101,234
"c.101..242.",101,242
"c.101..255.",101,255
"c.101..289.",101,289
"c.101..311.",101,311
"c.101..335.",101,335
"c.101..341.",101,341
"c.101..352.",101,352
"c.101..367.",101,367
"c.101..387.",101,387
"c.102..129.",102,129
"c.102..171.",102,171
"c.102..187.",102,187
"c.102..220.",102,220
"c.102..222.",102,222
"c.102..226.",102,226
"c.102..246.",102,246
"c.102..261.",102,261
"c.102..294.",102,294
"c.102..297.",102,297
"c.102..316.",102,316
"c.102..347.",102,347
"c.103..104.",103,104
"c.103..133.",103,133
"c.103..141.",103,141
"c.103..142.",103,142
"c.103..144.",103,144
"c.103..157.",103,157
"c.103..158.",103,158
"c.103..193.",103,193
"c.103..197.",103,197
"c.103..238.",103,238
"c.103..287.",103,287
"c.103..296.",103,296
"c.103..308.",103,308
"c.103..331.",103,331
"c.103..363.",103,363
"c.103..365.",103,365
"c.103..374.",103,374
"c.103..393.",103,393
"c.104..120.",104,120
"c.104..133.",104,133
"c.104..141.",104,141
"c.104..142.",104,142
"c.104..150.",104,150
"c.104..185.",104,185
"c.104..194.",104,194
"c.104..197.",104,197
"c.104..227.",104,227
"c.104..269.",104,269
"c.104..287.",104,287
"c.104..299.",104,299
"c.104..329.",104,329
"c.104..348.",104,348
"c.104..363.",104,363
"c.104..364.",104,364
"c.104..365.",104,365
"c.104..393.",104,393
"c.105..107.",105,107
"c.105..122.",105,122
"c.105..143.",105,143
"c.105..160.",105,160
"c.105..165.",105,165
"c.105..178.",105,178
"c.105..218.",105,218
"c.105..241.",105,241
"c.105..253.",105,253
"c.105..275.",105,275
"c.105..281.",105,281
"c.105..295.",105,295
"c.105..325.",105,325
"c.105..361.",105,361
"c.105..366.",105,366
"c.106..112.",106,112
"c.106..125.",106,125
"c.106..133.",106,133
"c.106..145.",106,145
"c.106..167.",106,167
"c.106..171.",106,171
"c.106..189.",106,189
"c.106..229.",106,229
"c.106..274.",106,274
"c.106..286.",106,286
"c.106..309.",106,309
"c.106..310.",106,310
"c.106..383.",106,383
"c.107..143.",107,143
"c.107..160.",107,160
"c.107..162.",107,162
"c.107..165.",107,165
"c.107..218.",107,218
"c.107..241.",107,241
"c.107..275.",107,275
"c.107..281.",107,281
"c.107..295.",107,295
"c.107..361.",107,361
"c.107..366.",107,366
"c.108..116.",108,116
"c.108..129.",108,129
"c.108..217.",108,217
"c.108..226.",108,226
"c.108..278.",108,278
"c.108..298.",108,298
"c.108..339.",108,339
"c.108..368.",108,368
"c.108..369.",108,369
"c.108..383.",108,383
"c.109..115.",109,115
"c.109..148.",109,148
"c.109..161.",109,161
"c.109..175.",109,175
"c.109..254.",109,254
"c.109..267.",109,267
"c.109..268.",109,268
"c.109..273.",109,273
"c.109..277.",109,277
"c.109..324.",109,324
"c.109..326.",109,326
"c.109..338.",109,338
"c.109..355.",109,355
"c.109..370.",109,370
"c.110..114.",110,114
"c.110..121.",110,121
"c.110..126.",110,126
"c.110..148.",110,148
"c.110..200.",110,200
"c.110..205.",110,205
"c.110..242.",110,242
"c.110..302.",110,302
"c.110..311.",110,311
"c.110..321.",110,321
"c.110..341.",110,341
"c.110..352.",110,352
"c.110..367.",110,367
"c.110..387.",110,387
"c.111..129.",111,129
"c.111..147.",111,147
"c.111..166.",111,166
"c.111..171.",111,171
"c.111..191.",111,191
"c.111..217.",111,217
"c.111..224.",111,224
"c.111..228.",111,228
"c.111..294.",111,294
"c.111..297.",111,297
"c.111..306.",111,306
"c.111..392.",111,392
"c.112..145.",112,145
"c.112..171.",112,171
"c.112..191.",112,191
"c.112..196.",112,196
"c.112..224.",112,224
"c.112..229.",112,229
"c.112..262.",112,262
"c.112..274.",112,274
"c.112..286.",112,286
"c.112..291.",112,291
"c.112..306.",112,306
"c.112..309.",112,309
"c.112..332.",112,332
"c.112..347.",112,347
"c.113..129.",113,129
"c.113..153.",113,153
"c.113..155.",113,155
"c.113..166.",113,166
"c.113..171.",113,171
"c.113..196.",113,196
"c.113..217.",113,217
"c.113..224.",113,224
"c.113..228.",113,228
"c.113..230.",113,230
"c.113..284.",113,284
"c.113..306.",113,306
"c.113..386.",113,386
"c.113..392.",113,392
"c.114..121.",114,121
"c.114..126.",114,126
"c.114..184.",114,184
"c.114..205.",114,205
"c.114..234.",114,234
"c.114..242.",114,242
"c.114..311.",114,311
"c.114..321.",114,321
"c.114..335.",114,335
"c.114..341.",114,341
"c.114..352.",114,352
"c.114..367.",114,367
"c.114..397.",114,397
"c.115..118.",115,118
"c.115..135.",115,135
"c.115..148.",115,148
"c.115..232.",115,232
"c.115..254.",115,254
"c.115..255.",115,255
"c.115..268.",115,268
"c.115..273.",115,273
"c.115..293.",115,293
"c.115..319.",115,319
"c.115..355.",115,355
"c.115..360.",115,360
"c.115..380.",115,380
"c.116..156.",116,156
"c.116..182.",116,182
"c.116..226.",116,226
"c.116..278.",116,278
"c.116..298.",116,298
"c.116..339.",116,339
"c.116..349.",116,349
"c.116..368.",116,368
"c.116..383.",116,383
"c.117..122.",117,122
"c.117..134.",117,134
"c.117..139.",117,139
"c.117..178.",117,178
"c.117..181.",117,181
"c.117..190.",117,190
"c.117..241.",117,241
"c.117..249.",117,249
"c.117..258.",117,258
"c.117..288.",117,288
"c.117..303.",117,303
"c.117..325.",117,325
"c.117..337.",117,337
"c.117..376.",117,376
"c.117..385.",117,385
"c.117..389.",117,389
"c.118..135.",118,135
"c.118..183.",118,183
"c.118..232.",118,232
"c.118..259.",118,259
"c.118..267.",118,267
"c.118..273.",118,273
"c.118..293.",118,293
"c.118..322.",118,322
"c.118..328.",118,328
"c.118..338.",118,338
"c.118..360.",118,360
"c.118..371.",118,371
"c.118..384.",118,384
"c.119..130.",119,130
"c.119..138.",119,138
"c.119..156.",119,156
"c.119..182.",119,182
"c.119..214.",119,214
"c.119..274.",119,274
"c.119..276.",119,276
"c.119..339.",119,339
"c.119..356.",119,356
"c.119..369.",119,369
"c.119..383.",119,383
"c.120..133.",120,133
"c.120..141.",120,141
"c.120..144.",120,144
"c.120..145.",120,145
"c.120..150.",120,150
"c.120..168.",120,168
"c.120..193.",120,193
"c.120..196.",120,196
"c.120..208.",120,208
"c.120..227.",120,227
"c.120..286.",120,286
"c.120..296.",120,296
"c.120..334.",120,334
"c.120..348.",120,348
"c.120..359.",120,359
"c.120..393.",120,393
"c.121..126.",121,126
"c.121..234.",121,234
"c.121..242.",121,242
"c.121..302.",121,302
"c.121..311.",121,311
"c.121..319.",121,319
"c.121..335.",121,335
"c.121..341.",121,341
"c.121..367.",121,367
"c.121..387.",121,387
"c.121..397.",121,397
"c.122..134.",122,134
"c.122..139.",122,139
"c.122..178.",122,178
"c.122..181.",122,181
"c.122..190.",122,190
"c.122..241.",122,241
"c.122..249.",122,249
"c.122..275.",122,275
"c.122..288.",122,288
"c.122..303.",122,303
"c.122..312.",122,312
"c.122..325.",122,325
"c.122..385.",122,385
"c.122..389.",122,389
"c.123..133.",123,133
"c.123..145.",123,145
"c.123..150.",123,150
"c.123..164.",123,164
"c.123..198.",123,198
"c.123..199.",123,199
"c.123..201.",123,201
"c.123..208.",123,208
"c.123..213.",123,213
"c.123..263.",123,263
"c.123..279.",123,279
"c.123..305.",123,305
"c.123..310.",123,310
"c.123..359.",123,359
"c.123..362.",123,362
"c.124..129.",124,129
"c.124..166.",124,166
"c.124..172.",124,172
"c.124..207.",124,207
"c.124..235.",124,235
"c.124..294.",124,294
"c.124..298.",124,298
"c.124..316.",124,316
"c.124..320.",124,320
"c.124..342.",124,342
"c.124..390.",124,390
"c.124..394.",124,394
"c.125..189.",125,189
"c.125..214.",125,214
"c.125..222.",125,222
"c.125..243.",125,243
"c.125..262.",125,262
"c.125..271.",125,271
"c.125..274.",125,274
"c.125..309.",125,309
"c.125..327.",125,327
"c.125..343.",125,343
"c.125..356.",125,356
"c.125..395.",125,395
"c.126..148.",126,148
"c.126..221.",126,221
"c.126..242.",126,242
"c.126..254.",126,254
"c.126..302.",126,302
"c.126..311.",126,311
"c.126..319.",126,319
"c.126..341.",126,341
"c.126..387.",126,387
"c.127..143.",127,143
"c.127..160.",127,160
"c.127..190.",127,190
"c.127..241.",127,241
"c.127..249.",127,249
"c.127..253.",127,253
"c.127..258.",127,258
"c.127..275.",127,275
"c.127..280.",127,280
"c.127..288.",127,288
"c.127..325.",127,325
"c.127..337.",127,337
"c.127..389.",127,389
"c.128..141.",128,141
"c.128..150.",128,150
"c.128..157.",128,157
"c.128..185.",128,185
"c.128..186.",128,186
"c.128..194.",128,194
"c.128..197.",128,197
"c.128..265.",128,265
"c.128..269.",128,269
"c.128..287.",128,287
"c.128..299.",128,299
"c.128..300.",128,300
"c.128..329.",128,329
"c.128..363.",128,363
"c.128..364.",128,364
"c.128..388.",128,388
"c.129..132.",129,132
"c.129..155.",129,155
"c.129..169.",129,169
"c.129..171.",129,171
"c.129..217.",129,217
"c.129..224.",129,224
"c.129..226.",129,226
"c.129..230.",129,230
"c.129..294.",129,294
"c.129..298.",129,298
"c.129..333.",129,333
"c.129..386.",129,386
"c.130..138.",130,138
"c.130..156.",130,156
"c.130..169.",130,169
"c.130..182.",130,182
"c.130..214.",130,214
"c.130..276.",130,276
"c.130..306.",130,306
"c.130..327.",130,327
"c.130..333.",130,333
"c.130..356.",130,356
"c.130..358.",130,358
"c.130..369.",130,369
"c.130..375.",130,375
"c.131..136.",131,136
"c.131..156.",131,156
"c.131..169.",131,169
"c.131..176.",131,176
"c.131..226.",131,226
"c.131..261.",131,261
"c.131..276.",131,276
"c.131..278.",131,278
"c.131..297.",131,297
"c.131..298.",131,298
"c.131..339.",131,339
"c.131..347.",131,347
"c.131..358.",131,358
"c.132..138.",132,138
"c.132..153.",132,153
"c.132..169.",132,169
"c.132..217.",132,217
"c.132..224.",132,224
"c.132..294.",132,294
"c.132..297.",132,297
"c.132..298.",132,298
"c.132..306.",132,306
"c.132..333.",132,333
"c.132..345.",132,345
"c.133..141.",133,141
"c.133..142.",133,142
"c.133..144.",133,144
"c.133..145.",133,145
"c.133..150.",133,150
"c.133..158.",133,158
"c.133..193.",133,193
"c.133..196.",133,196
"c.133..238.",133,238
"c.133..286.",133,286
"c.133..331.",133,331
"c.133..334.",133,334
"c.133..393.",133,393
"c.134..139.",134,139
"c.134..178.",134,178
"c.134..181.",134,181
"c.134..190.",134,190
"c.134..241.",134,241
"c.134..249.",134,249
"c.134..258.",134,258
"c.134..275.",134,275
"c.134..288.",134,288
"c.134..303.",134,303
"c.134..312.",134,312
"c.134..325.",134,325
"c.134..376.",134,376
"c.134..385.",134,385
"c.134..389.",134,389
"c.135..148.",135,148
"c.135..183.",135,183
"c.135..232.",135,232
"c.135..273.",135,273
"c.135..302.",135,302
"c.135..319.",135,319
"c.135..328.",135,328
"c.135..355.",135,355
"c.135..360.",135,360
"c.135..384.",135,384
"c.136..137.",136,137
"c.136..171.",136,171
"c.136..172.",136,172
"c.136..235.",136,235
"c.136..260.",136,260
"c.136..278.",136,278
"c.136..298.",136,298
"c.136..316.",136,316
"c.136..347.",136,347
"c.136..358.",136,358
"c.137..171.",137,171
"c.137..172.",137,172
"c.137..187.",137,187
"c.137..235.",137,235
"c.137..246.",137,246
"c.137..260.",137,260
"c.137..278.",137,278
"c.137..304.",137,304
"c.137..315.",137,315
"c.137..316.",137,316
"c.137..358.",137,358
"c.137..399.",137,399
"c.138..169.",138,169
"c.138..182.",138,182
"c.138..276.",138,276
"c.138..298.",138,298
"c.138..306.",138,306
"c.138..333.",138,333
"c.138..339.",138,339
"c.138..345.",138,345
"c.138..369.",138,369
"c.138..375.",138,375
"c.138..382.",138,382
"c.138..383.",138,383
"c.139..162.",139,162
"c.139..181.",139,181
"c.139..190.",139,190
"c.139..241.",139,241
"c.139..249.",139,249
"c.139..275.",139,275
"c.139..288.",139,288
"c.139..303.",139,303
"c.139..317.",139,317
"c.139..325.",139,325
"c.139..376.",139,376
"c.139..385.",139,385
"c.139..389.",139,389
"c.140..153.",140,153
"c.140..176.",140,176
"c.140..217.",140,217
"c.140..224.",140,224
"c.140..230.",140,230
"c.140..240.",140,240
"c.140..278.",140,278
"c.140..332.",140,332
"c.140..358.",140,358
"c.140..369.",140,369
"c.141..145.",141,145
"c.141..150.",141,150
"c.141..222.",141,222
"c.141..227.",141,227
"c.141..274.",141,274
"c.141..286.",141,286
"c.141..287.",141,287
"c.141..331.",141,331
"c.141..334.",141,334
"c.141..340.",141,340
"c.141..348.",141,348
"c.141..393.",141,393
"c.142..144.",142,144
"c.142..150.",142,150
"c.142..157.",142,157
"c.142..158.",142,158
"c.142..193.",142,193
"c.142..197.",142,197
"c.142..287.",142,287
"c.142..296.",142,296
"c.142..299.",142,299
"c.142..331.",142,331
"c.142..363.",142,363
"c.142..364.",142,364
"c.142..374.",142,374
"c.143..160.",143,160
"c.143..165.",143,165
"c.143..178.",143,178
"c.143..241.",143,241
"c.143..257.",143,257
"c.143..275.",143,275
"c.143..281.",143,281
"c.143..288.",143,288
"c.143..312.",143,312
"c.143..325.",143,325
"c.143..361.",143,361
"c.143..385.",143,385
"c.144..145.",144,145
"c.144..150.",144,150
"c.144..193.",144,193
"c.144..196.",144,196
"c.144..203.",144,203
"c.144..212.",144,212
"c.144..286.",144,286
"c.144..296.",144,296
"c.144..331.",144,331
"c.144..334.",144,334
"c.144..340.",144,340
"c.144..359.",144,359
"c.144..379.",144,379
"c.144..390.",144,390
"c.144..393.",144,393
"c.145..171.",145,171
"c.145..196.",145,196
"c.145..222.",145,222
"c.145..224.",145,224
"c.145..274.",145,274
"c.145..286.",145,286
"c.145..334.",145,334
"c.145..340.",145,340
"c.145..383.",145,383
"c.146..160.",146,160
"c.146..165.",146,165
"c.146..272.",146,272
"c.146..275.",146,275
"c.146..295.",146,295
"c.146..313.",146,313
"c.146..317.",146,317
"c.146..325.",146,325
"c.146..361.",146,361
"c.146..377.",146,377
"c.147..155.",147,155
"c.147..189.",147,189
"c.147..220.",147,220
"c.147..222.",147,222
"c.147..237.",147,237
"c.147..297.",147,297
"c.147..320.",147,320
"c.147..327.",147,327
"c.147..343.",147,343
"c.147..383.",147,383
"c.148..216.",148,216
"c.148..254.",148,254
"c.148..302.",148,302
"c.148..319.",148,319
"c.148..381.",148,381
"c.148..384.",148,384
"c.148..398.",148,398
"c.149..157.",149,157
"c.149..194.",149,194
"c.149..197.",149,197
"c.149..265.",149,265
"c.149..296.",149,296
"c.149..299.",149,299
"c.149..300.",149,300
"c.149..329.",149,329
"c.149..336.",149,336
"c.149..363.",149,363
"c.149..364.",149,364
"c.149..374.",149,374
"c.150..193.",150,193
"c.150..194.",150,194
"c.150..208.",150,208
"c.150..227.",150,227
"c.150..287.",150,287
"c.150..299.",150,299
"c.150..334.",150,334
"c.150..348.",150,348
"c.150..359.",150,359
"c.150..363.",150,363
"c.150..393.",150,393
"c.151..169.",151,169
"c.151..170.",151,170
"c.151..220.",151,220
"c.151..224.",151,224
"c.151..228.",151,228
"c.151..248.",151,248
"c.151..276.",151,276
"c.151..294.",151,294
"c.151..297.",151,297
"c.151..306.",151,306
"c.151..345.",151,345
"c.151..375.",151,375
"c.152..155.",152,155
"c.152..166.",152,166
"c.152..172.",152,172
"c.152..177.",152,177
"c.152..212.",152,212
"c.152..284.",152,284
"c.152..294.",152,294
"c.152..304.",152,304
"c.152..305.",152,305
"c.152..320.",152,320
"c.152..342.",152,342
"c.152..390.",152,390
"c.152..392.",152,392
"c.153..171.",153,171
"c.153..217.",153,217
"c.153..224.",153,224
"c.153..237.",153,237
"c.153..327.",153,327
"c.153..333.",153,333
"c.153..383.",153,383
"c.153..386.",153,386
"c.153..391.",153,391
"c.154..188.",154,188
"c.154..216.",154,216
"c.154..247.",154,247
"c.154..266.",154,266
"c.154..267.",154,267
"c.154..302.",154,302
"c.154..322.",154,322
"c.154..338.",154,338
"c.154..381.",154,381
"c.154..384.",154,384
"c.155..166.",155,166
"c.155..169.",155,169
"c.155..220.",155,220
"c.155..226.",155,226
"c.155..235.",155,235
"c.155..294.",155,294
"c.155..306.",155,306
"c.155..320.",155,320
"c.155..327.",155,327
"c.155..342.",155,342
"c.155..350.",155,350
"c.156..182.",156,182
"c.156..214.",156,214
"c.156..276.",156,276
"c.156..278.",156,278
"c.156..298.",156,298
"c.156..327.",156,327
"c.156..339.",156,339
"c.156..358.",156,358
"c.156..368.",156,368
"c.156..369.",156,369
"c.157..197.",157,197
"c.157..265.",157,265
"c.157..269.",157,269
"c.157..287.",157,287
"c.157..296.",157,296
"c.157..299.",157,299
"c.157..300.",157,300
"c.157..329.",157,329
"c.157..336.",157,336
"c.157..363.",157,363
"c.157..364.",157,364
"c.157..374.",157,374
"c.158..193.",158,193
"c.158..195.",158,195
"c.158..196.",158,196
"c.158..202.",158,202
"c.158..227.",158,227
"c.158..238.",158,238
"c.158..286.",158,286
"c.158..296.",158,296
"c.158..308.",158,308
"c.158..331.",158,331
"c.158..334.",158,334
"c.158..393.",158,393
"c.159..188.",159,188
"c.159..245.",159,245
"c.159..266.",159,266
"c.159..267.",159,267
"c.159..268.",159,268
"c.159..302.",159,302
"c.159..321.",159,321
"c.159..355.",159,355
"c.159..378.",159,378
"c.159..384.",159,384
"c.159..398.",159,398
"c.160..165.",160,165
"c.160..241.",160,241
"c.160..257.",160,257
"c.160..275.",160,275
"c.160..280.",160,280
"c.160..288.",160,288
"c.160..325.",160,325
"c.160..337.",160,337
"c.160..366.",160,366
"c.160..385.",160,385
"c.161..175.",161,175
"c.161..254.",161,254
"c.161..267.",161,267
"c.161..268.",161,268
"c.161..321.",161,321
"c.161..324.",161,324
"c.161..326.",161,326
"c.161..355.",161,355
"c.161..370.",161,370
"c.161..384.",161,384
"c.162..241.",162,241
"c.162..249.",162,249
"c.162..257.",162,257
"c.162..275.",162,275
"c.162..280.",162,280
"c.162..288.",162,288
"c.162..303.",162,303
"c.162..317.",162,317
"c.162..361.",162,361
"c.162..366.",162,366
"c.162..376.",162,376
"c.162..377.",162,377
"c.163..173.",163,173
"c.163..215.",163,215
"c.163..234.",163,234
"c.163..283.",163,283
"c.163..302.",163,302
"c.163..311.",163,311
"c.163..367.",163,367
"c.163..378.",163,378
"c.163..397.",163,397
"c.163..398.",163,398
"c.164..167.",164,167
"c.164..171.",164,171
"c.164..196.",164,196
"c.164..199.",164,199
"c.164..208.",164,208
"c.164..212.",164,212
"c.164..213.",164,213
"c.164..227.",164,227
"c.164..263.",164,263
"c.164..310.",164,310
"c.164..334.",164,334
"c.164..359.",164,359
"c.164..362.",164,362
"c.165..178.",165,178
"c.165..179.",165,179
"c.165..218.",165,218
"c.165..231.",165,231
"c.165..241.",165,241
"c.165..249.",165,249
"c.165..275.",165,275
"c.165..280.",165,280
"c.165..312.",165,312
"c.165..317.",165,317
"c.165..325.",165,325
"c.165..361.",165,361
"c.166..171.",166,171
"c.166..240.",166,240
"c.166..284.",166,284
"c.166..294.",166,294
"c.166..316.",166,316
"c.166..342.",166,342
"c.166..347.",166,347
"c.166..392.",166,392
"c.166..394.",166,394
"c.166..399.",166,399
"c.167..171.",167,171
"c.167..189.",167,189
"c.167..212.",167,212
"c.167..213.",167,213
"c.167..222.",167,222
"c.167..274.",167,274
"c.167..286.",167,286
"c.167..340.",167,340
"c.167..383.",167,383
"c.168..195.",168,195
"c.168..196.",168,196
"c.168..208.",168,208
"c.168..212.",168,212
"c.168..227.",168,227
"c.168..284.",168,284
"c.168..286.",168,286
"c.168..307.",168,307
"c.168..334.",168,334
"c.168..340.",168,340
"c.168..348.",168,348
"c.168..379.",168,379
"c.168..393.",168,393
"c.169..214.",169,214
"c.169..219.",169,219
"c.169..226.",169,226
"c.169..235.",169,235
"c.169..276.",169,276
"c.169..294.",169,294
"c.169..297.",169,297
"c.169..298.",169,298
"c.169..306.",169,306
"c.169..333.",169,333
"c.169..375.",169,375
"c.170..219.",170,219
"c.170..220.",170,220
"c.170..226.",170,226
"c.170..276.",170,276
"c.170..278.",170,278
"c.170..294.",170,294
"c.170..297.",170,297
"c.170..327.",170,327
"c.170..394.",170,394
"c.170..399.",170,399
"c.171..260.",171,260
"c.171..274.",171,274
"c.171..284.",171,284
"c.171..315.",171,315
"c.171..316.",171,316
"c.171..333.",171,333
"c.171..347.",171,347
"c.172..187.",172,187
"c.172..235.",172,235
"c.172..260.",172,260
"c.172..294.",172,294
"c.172..305.",172,305
"c.172..316.",172,316
"c.172..342.",172,342
"c.172..399.",172,399
"c.173..200.",173,200
"c.173..215.",173,215
"c.173..234.",173,234
"c.173..266.",173,266
"c.173..283.",173,283
"c.173..302.",173,302
"c.173..311.",173,311
"c.173..321.",173,321
"c.173..341.",173,341
"c.173..378.",173,378
"c.173..397.",173,397
"c.173..398.",173,398
"c.174..191.",174,191
"c.174..224.",174,224
"c.174..252.",174,252
"c.174..256.",174,256
"c.174..279.",174,279
"c.174..285.",174,285
"c.174..294.",174,294
"c.174..304.",174,304
"c.174..316.",174,316
"c.174..342.",174,342
"c.174..347.",174,347
"c.175..188.",175,188
"c.175..254.",175,254
"c.175..267.",175,267
"c.175..268.",175,268
"c.175..277.",175,277
"c.175..321.",175,321
"c.175..324.",175,324
"c.175..326.",175,326
"c.175..355.",175,355
"c.175..370.",175,370
"c.176..207.",176,207
"c.176..278.",176,278
"c.176..297.",176,297
"c.176..298.",176,298
"c.176..358.",176,358
"c.176..368.",176,368
"c.176..383.",176,383
"c.176..394.",176,394
"c.177..220.",177,220
"c.177..228.",177,228
"c.177..248.",177,248
"c.177..256.",177,256
"c.177..284.",177,284
"c.177..294.",177,294
"c.177..305.",177,305
"c.177..307.",177,307
"c.177..314.",177,314
"c.177..392.",177,392
"c.177..394.",177,394
"c.177..399.",177,399
"c.178..181.",178,181
"c.178..192.",178,192
"c.178..218.",178,218
"c.178..231.",178,231
"c.178..241.",178,241
"c.178..249.",178,249
"c.178..253.",178,253
"c.178..275.",178,275
"c.178..288.",178,288
"c.178..325.",178,325
"c.178..337.",178,337
"c.179..190.",179,190
"c.179..241.",179,241
"c.179..249.",179,249
"c.179..280.",179,280
"c.179..312.",179,312
"c.179..317.",179,317
"c.179..325.",179,325
"c.179..351.",179,351
"c.179..389.",179,389
"c.180..183.",180,183
"c.180..206.",180,206
"c.180..232.",180,232
"c.180..239.",180,239
"c.180..259.",180,259
"c.180..293.",180,293
"c.180..301.",180,301
"c.180..328.",180,328
"c.180..360.",180,360
"c.180..371.",180,371
"c.181..249.",181,249
"c.181..253.",181,253
"c.181..257.",181,257
"c.181..275.",181,275
"c.181..288.",181,288
"c.181..303.",181,303
"c.181..312.",181,312
"c.181..317.",181,317
"c.181..325.",181,325
"c.181..361.",181,361
"c.181..385.",181,385
"c.182..214.",182,214
"c.182..274.",182,274
"c.182..297.",182,297
"c.182..309.",182,309
"c.182..327.",182,327
"c.182..333.",182,333
"c.182..358.",182,358
"c.182..368.",182,368
"c.182..383.",182,383
"c.183..232.",183,232
"c.183..259.",183,259
"c.183..273.",183,273
"c.183..293.",183,293
"c.183..301.",183,301
"c.183..322.",183,322
"c.183..328.",183,328
"c.183..360.",183,360
"c.183..371.",183,371
"c.184..234.",184,234
"c.184..242.",184,242
"c.184..302.",184,302
"c.184..311.",184,311
"c.184..341.",184,341
"c.184..352.",184,352
"c.184..367.",184,367
"c.184..397.",184,397
"c.185..186.",185,186
"c.185..194.",185,194
"c.185..197.",185,197
"c.185..287.",185,287
"c.185..299.",185,299
"c.185..300.",185,300
"c.185..329.",185,329
"c.185..336.",185,336
"c.185..363.",185,363
"c.185..364.",185,364
"c.186..194.",186,194
"c.186..282.",186,282
"c.186..287.",186,287
"c.186..299.",186,299
"c.186..300.",186,300
"c.186..329.",186,329
"c.186..336.",186,336
"c.186..363.",186,363
"c.186..364.",186,364
"c.186..388.",186,388
"c.187..235.",187,235
"c.187..246.",187,246
"c.187..279.",187,279
"c.187..284.",187,284
"c.187..315.",187,315
"c.187..316.",187,316
"c.187..390.",187,390
"c.188..216.",188,216
"c.188..247.",188,247
"c.188..254.",188,254
"c.188..266.",188,266
"c.188..267.",188,267
"c.188..290.",188,290
"c.188..322.",188,322
"c.188..338.",188,338
"c.188..381.",188,381
"c.188..384.",188,384
"c.189..214.",189,214
"c.189..222.",189,222
"c.189..223.",189,223
"c.189..237.",189,237
"c.189..243.",189,243
"c.189..274.",189,274
"c.189..309.",189,309
"c.189..327.",189,327
"c.189..343.",189,343
"c.189..356.",189,356
"c.189..383.",189,383
"c.190..241.",190,241
"c.190..249.",190,249
"c.190..258.",190,258
"c.190..280.",190,280
"c.190..303.",190,303
"c.190..312.",190,312
"c.190..325.",190,325
"c.190..376.",190,376
"c.190..385.",190,385
"c.190..389.",190,389
"c.191..224.",191,224
"c.191..228.",191,228
"c.191..260.",191,260
"c.191..284.",191,284
"c.191..285.",191,285
"c.191..306.",191,306
"c.191..332.",191,332
"c.191..347.",191,347
"c.191..386.",191,386
"c.192..218.",192,218
"c.192..231.",192,231
"c.192..241.",192,241
"c.192..275.",192,275
"c.192..280.",192,280
"c.192..288.",192,288
"c.192..313.",192,313
"c.192..325.",192,325
"c.192..376.",192,376
"c.193..196.",193,196
"c.193..203.",193,203
"c.193..229.",193,229
"c.193..260.",193,260
"c.193..296.",193,296
"c.193..308.",193,308
"c.193..331.",193,331
"c.193..334.",193,334
"c.193..347.",193,347
"c.193..390.",193,390
"c.193..393.",193,393
"c.194..197.",194,197
"c.194..265.",194,265
"c.194..269.",194,269
"c.194..287.",194,287
"c.194..299.",194,299
"c.194..300.",194,300
"c.194..329.",194,329
"c.194..363.",194,363
"c.194..364.",194,364
"c.195..196.",195,196
"c.195..202.",195,202
"c.195..208.",195,208
"c.195..227.",195,227
"c.195..286.",195,286
"c.195..296.",195,296
"c.195..307.",195,307
"c.195..308.",195,308
"c.195..334.",195,334
"c.195..346.",195,346
"c.195..348.",195,348
"c.195..393.",195,393
"c.196..208.",196,208
"c.196..224.",196,224
"c.196..227.",196,227
"c.196..229.",196,229
"c.196..274.",196,274
"c.196..286.",196,286
"c.196..334.",196,334
"c.196..386.",196,386
"c.196..393.",196,393
"c.197..265.",197,265
"c.197..269.",197,269
"c.197..287.",197,287
"c.197..299.",197,299
"c.197..300.",197,300
"c.197..329.",197,329
"c.197..363.",197,363
"c.197..364.",197,364
"c.197..374.",197,374
"c.198..237.",198,237
"c.198..262.",198,262
"c.198..279.",198,279
"c.198..291.",198,291
"c.198..340.",198,340
"c.198..342.",198,342
"c.198..386.",198,386
"c.198..391.",198,391
"c.199..201.",199,201
"c.199..208.",199,208
"c.199..211.",199,211
"c.199..212.",199,212
"c.199..227.",199,227
"c.199..279.",199,279
"c.199..304.",199,304
"c.199..307.",199,307
"c.199..346.",199,346
"c.199..348.",199,348
"c.199..359.",199,359
"c.199..362.",199,362
"c.200..302.",200,302
"c.200..311.",200,311
"c.200..321.",200,321
"c.200..335.",200,335
"c.200..341.",200,341
"c.200..354.",200,354
"c.200..378.",200,378
"c.200..384.",200,384
"c.201..208.",201,208
"c.201..211.",201,211
"c.201..260.",201,260
"c.201..279.",201,279
"c.201..284.",201,284
"c.201..307.",201,307
"c.201..330.",201,330
"c.201..347.",201,347
"c.201..353.",201,353
"c.201..359.",201,359
"c.201..390.",201,390
"c.201..392.",201,392
"c.202..227.",202,227
"c.202..238.",202,238
"c.202..296.",202,296
"c.202..308.",202,308
"c.202..331.",202,331
"c.202..334.",202,334
"c.202..359.",202,359
"c.202..393.",202,393
"c.203..228.",203,228
"c.203..230.",203,230
"c.203..240.",203,240
"c.203..274.",203,274
"c.203..284.",203,284
"c.203..316.",203,316
"c.203..386.",203,386
"c.204..217.",204,217
"c.204..224.",204,224
"c.204..226.",204,226
"c.204..228.",204,228
"c.204..230.",204,230
"c.204..294.",204,294
"c.204..306.",204,306
"c.204..320.",204,320
"c.204..342.",204,342
"c.204..392.",204,392
"c.205..242.",205,242
"c.205..255.",205,255
"c.205..289.",205,289
"c.205..319.",205,319
"c.205..335.",205,335
"c.205..352.",205,352
"c.205..355.",205,355
"c.205..380.",205,380
"c.206..232.",206,232
"c.206..239.",206,239
"c.206..259.",206,259
"c.206..293.",206,293
"c.206..301.",206,301
"c.206..328.",206,328
"c.206..360.",206,360
"c.206..371.",206,371
"c.207..217.",207,217
"c.207..226.",207,226
"c.207..294.",207,294
"c.207..298.",207,298
"c.207..333.",207,333
"c.207..383.",207,383
"c.208..212.",208,212
"c.208..217.",208,217
"c.208..228.",208,228
"c.208..263.",208,263
"c.208..284.",208,284
"c.208..307.",208,307
"c.208..348.",208,348
"c.208..386.",208,386
"c.208..392.",208,392
"c.209..265.",209,265
"c.209..299.",209,299
"c.209..300.",209,300
"c.209..329.",209,329
"c.209..336.",209,336
"c.209..363.",209,363
"c.209..364.",209,364
"c.209..374.",209,374
"c.210..224.",210,224
"c.210..274.",210,274
"c.210..286.",210,286
"c.210..291.",210,291
"c.210..294.",210,294
"c.210..298.",210,298
"c.210..320.",210,320
"c.210..333.",210,333
"c.210..342.",210,342
"c.210..383.",210,383
"c.211..212.",211,212
"c.211..229.",211,229
"c.211..308.",211,308
"c.211..334.",211,334
"c.211..346.",211,346
"c.211..348.",211,348
"c.211..359.",211,359
"c.211..362.",211,362
"c.212..284.",212,284
"c.212..305.",212,305
"c.212..340.",212,340
"c.212..362.",212,362
"c.212..390.",212,390
"c.212..392.",212,392
"c.213..263.",213,263
"c.213..274.",213,274
"c.213..305.",213,305
"c.213..310.",213,310
"c.213..334.",213,334
"c.213..343.",213,343
"c.213..347.",213,347
"c.213..359.",213,359
"c.214..225.",214,225
"c.214..237.",214,237
"c.214..262.",214,262
"c.214..274.",214,274
"c.214..309.",214,309
"c.214..327.",214,327
"c.214..333.",214,333
"c.214..356.",214,356
"c.215..234.",215,234
"c.215..283.",215,283
"c.215..302.",215,302
"c.215..311.",215,311
"c.215..341.",215,341
"c.215..354.",215,354
"c.215..378.",215,378
"c.215..397.",215,397
"c.215..398.",215,398
"c.216..254.",216,254
"c.216..266.",216,266
"c.216..267.",216,267
"c.216..302.",216,302
"c.216..319.",216,319
"c.216..378.",216,378
"c.216..381.",216,381
"c.216..384.",216,384
"c.216..398.",216,398
"c.217..220.",217,220
"c.217..224.",217,224
"c.217..226.",217,226
"c.217..230.",217,230
"c.217..386.",217,386
"c.218..231.",218,231
"c.218..241.",218,241
"c.218..275.",218,275
"c.218..295.",218,295
"c.218..325.",218,325
"c.218..366.",218,366
"c.219..226.",219,226
"c.219..256.",219,256
"c.219..294.",219,294
"c.219..297.",219,297
"c.219..333.",219,333
"c.219..342.",219,342
"c.219..399.",219,399
"c.220..226.",220,226
"c.220..246.",220,246
"c.220..248.",220,248
"c.220..294.",220,294
"c.220..297.",220,297
"c.220..350.",220,350
"c.220..394.",220,394
"c.221..242.",221,242
"c.221..247.",221,247
"c.221..311.",221,311
"c.221..321.",221,321
"c.221..341.",221,341
"c.221..355.",221,355
"c.221..378.",221,378
"c.221..387.",221,387
"c.222..229.",222,229
"c.222..274.",222,274
"c.222..297.",222,297
"c.222..315.",222,315
"c.222..327.",222,327
"c.222..343.",222,343
"c.222..383.",222,383
"c.223..225.",223,225
"c.223..271.",223,271
"c.223..274.",223,274
"c.223..276.",223,276
"c.223..309.",223,309
"c.223..327.",223,327
"c.223..343.",223,343
"c.223..356.",223,356
"c.223..368.",223,368
"c.223..382.",223,382
"c.223..383.",223,383
"c.223..386.",223,386
"c.223..395.",223,395
"c.224..228.",224,228
"c.224..294.",224,294
"c.224..306.",224,306
"c.224..332.",224,332
"c.224..333.",224,333
"c.224..369.",224,369
"c.224..386.",224,386
"c.225..237.",225,237
"c.225..243.",225,243
"c.225..274.",225,274
"c.225..276.",225,276
"c.225..306.",225,306
"c.225..309.",225,309
"c.225..315.",225,315
"c.225..327.",225,327
"c.225..343.",225,343
"c.225..356.",225,356
"c.225..368.",225,368
"c.226..233.",226,233
"c.226..294.",226,294
"c.226..297.",226,297
"c.226..298.",226,298
"c.226..304.",226,304
"c.226..333.",226,333
"c.226..342.",226,342
"c.226..350.",226,350
"c.227..279.",227,279
"c.227..286.",227,286
"c.227..307.",227,307
"c.227..334.",227,334
"c.227..348.",227,348
"c.227..359.",227,359
"c.227..393.",227,393
"c.228..230.",228,230
"c.228..260.",228,260
"c.228..284.",228,284
"c.228..294.",228,294
"c.228..306.",228,306
"c.228..315.",228,315
"c.228..386.",228,386
"c.229..260.",229,260
"c.229..274.",229,274
"c.229..292.",229,292
"c.229..316.",229,316
"c.229..343.",229,343
"c.229..347.",229,347
"c.229..358.",229,358
"c.229..383.",229,383
"c.230..240.",230,240
"c.230..294.",230,294
"c.230..304.",230,304
"c.230..392.",230,392
"c.231..241.",231,241
"c.231..249.",231,249
"c.231..280.",231,280
"c.231..313.",231,313
"c.231..325.",231,325
"c.232..266.",232,266
"c.232..267.",232,267
"c.232..268.",232,268
"c.232..273.",232,273
"c.232..293.",232,293
"c.232..322.",232,322
"c.232..338.",232,338
"c.232..360.",232,360
"c.232..371.",232,371
"c.233..250.",233,250
"c.233..278.",233,278
"c.233..327.",233,327
"c.233..333.",233,333
"c.233..339.",233,339
"c.233..358.",233,358
"c.233..369.",233,369
"c.234..311.",234,311
"c.234..335.",234,335
"c.234..341.",234,341
"c.234..367.",234,367
"c.234..387.",234,387
"c.234..397.",234,397
"c.235..246.",235,246
"c.235..294.",235,294
"c.235..297.",235,297
"c.235..298.",235,298
"c.235..306.",235,306
"c.235..316.",235,316
"c.235..394.",235,394
"c.235..399.",235,399
"c.236..252.",236,252
"c.236..285.",236,285
"c.236..342.",236,342
"c.236..353.",236,353
"c.236..372.",236,372
"c.236..392.",236,392
"c.237..274.",237,274
"c.237..291.",237,291
"c.237..333.",237,333
"c.237..386.",237,386
"c.237..391.",237,391
"c.238..296.",238,296
"c.238..308.",238,308
"c.238..331.",238,331
"c.238..334.",238,334
"c.238..393.",238,393
"c.239..259.",239,259
"c.239..293.",239,293
"c.239..301.",239,301
"c.239..328.",239,328
"c.239..360.",239,360
"c.239..371.",239,371
"c.240..278.",240,278
"c.240..316.",240,316
"c.240..358.",240,358
"c.240..394.",240,394
"c.241..249.",241,249
"c.241..275.",241,275
"c.241..280.",241,280
"c.241..288.",241,288
"c.241..312.",241,312
"c.241..325.",241,325
"c.241..385.",241,385
"c.242..255.",242,255
"c.242..289.",242,289
"c.242..311.",242,311
"c.242..319.",242,319
"c.242..335.",242,335
"c.242..352.",242,352
"c.242..367.",242,367
"c.242..387.",242,387
"c.243..271.",243,271
"c.243..274.",243,274
"c.243..276.",243,276
"c.243..309.",243,309
"c.243..327.",243,327
"c.243..356.",243,356
"c.243..382.",243,382
"c.243..395.",243,395
"c.244..261.",244,261
"c.244..264.",244,264
"c.244..292.",244,292
"c.244..327.",244,327
"c.244..345.",244,345
"c.244..357.",244,357
"c.244..380.",244,380
"c.245..266.",245,266
"c.245..267.",245,267
"c.245..283.",245,283
"c.245..302.",245,302
"c.245..338.",245,338
"c.245..378.",245,378
"c.245..381.",245,381
"c.245..384.",245,384
"c.245..398.",245,398
"c.246..260.",246,260
"c.246..284.",246,284
"c.246..297.",246,297
"c.246..315.",246,315
"c.246..347.",246,347
"c.247..266.",247,266
"c.247..302.",247,302
"c.247..378.",247,378
"c.247..381.",247,381
"c.248..256.",248,256
"c.248..294.",248,294
"c.248..297.",248,297
"c.248..345.",248,345
"c.248..399.",248,399
"c.249..258.",249,258
"c.249..280.",249,280
"c.249..288.",249,288
"c.249..317.",249,317
"c.249..325.",249,325
"c.249..337.",249,337
"c.249..376.",249,376
"c.249..389.",249,389
"c.250..285.",250,285
"c.250..304.",250,304
"c.250..327.",250,327
"c.250..332.",250,332
"c.250..396.",250,396
"c.251..272.",251,272
"c.251..295.",251,295
"c.251..346.",251,346
"c.251..351.",251,351
"c.251..361.",251,361
"c.251..366.",251,366
"c.251..373.",251,373
"c.252..279.",252,279
"c.252..285.",252,285
"c.252..304.",252,304
"c.252..372.",252,372
"c.253..257.",253,257
"c.253..275.",253,275
"c.253..325.",253,325
"c.253..385.",253,385
"c.254..267.",254,267
"c.254..302.",254,302
"c.254..338.",254,338
"c.254..355.",254,355
"c.254..381.",254,381
"c.254..384.",254,384
"c.255..289.",255,289
"c.255..319.",255,319
"c.255..352.",255,352
"c.255..380.",255,380
"c.256..260.",256,260
"c.256..294.",256,294
"c.256..316.",256,316
"c.256..332.",256,332
"c.256..342.",256,342
"c.256..347.",256,347
"c.256..358.",256,358
"c.256..399.",256,399
"c.257..275.",257,275
"c.257..280.",257,280
"c.257..288.",257,288
"c.257..303.",257,303
"c.257..312.",257,312
"c.257..325.",257,325
"c.257..361.",257,361
"c.257..377.",257,377
"c.258..280.",258,280
"c.258..288.",258,288
"c.258..325.",258,325
"c.258..337.",258,337
"c.258..376.",258,376
"c.258..385.",258,385
"c.258..389.",258,389
"c.259..273.",259,273
"c.259..293.",259,293
"c.259..328.",259,328
"c.259..360.",259,360
"c.259..371.",259,371
"c.260..284.",260,284
"c.260..292.",260,292
"c.260..306.",260,306
"c.260..315.",260,315
"c.260..316.",260,316
"c.260..347.",260,347
"c.260..399.",260,399
"c.261..278.",261,278
"c.261..294.",261,294
"c.261..297.",261,297
"c.261..316.",261,316
"c.261..347.",261,347
"c.261..350.",261,350
"c.261..399.",261,399
"c.262..271.",262,271
"c.262..274.",262,274
"c.262..291.",262,291
"c.262..315.",262,315
"c.262..327.",262,327
"c.262..340.",262,340
"c.262..358.",262,358
"c.263..274.",263,274
"c.263..286.",263,286
"c.263..340.",263,340
"c.263..359.",263,359
"c.263..386.",263,386
"c.264..302.",264,302
"c.264..311.",264,311
"c.264..321.",264,321
"c.264..335.",264,335
"c.264..354.",264,354
"c.264..378.",264,378
"c.264..380.",264,380
"c.264..387.",264,387
"c.264..398.",264,398
"c.265..287.",265,287
"c.265..299.",265,299
"c.265..329.",265,329
"c.265..363.",265,363
"c.265..364.",265,364
"c.265..374.",265,374
"c.266..267.",266,267
"c.266..283.",266,283
"c.266..302.",266,302
"c.266..378.",266,378
"c.266..381.",266,381
"c.266..384.",266,384
"c.266..398.",266,398
"c.267..268.",267,268
"c.267..338.",267,338
"c.267..378.",267,378
"c.267..381.",267,381
"c.267..384.",267,384
"c.268..273.",268,273
"c.268..319.",268,319
"c.268..338.",268,338
"c.268..355.",268,355
"c.268..360.",268,360
"c.268..384.",268,384
"c.269..287.",269,287
"c.269..296.",269,296
"c.269..299.",269,299
"c.269..300.",269,300
"c.269..308.",269,308
"c.269..329.",269,329
"c.269..348.",269,348
"c.269..363.",269,363
"c.269..388.",269,388
"c.270..293.",270,293
"c.270..301.",270,301
"c.270..354.",270,354
"c.270..357.",270,357
"c.270..398.",270,398
"c.271..274.",271,274
"c.271..309.",271,309
"c.271..327.",271,327
"c.271..333.",271,333
"c.271..356.",271,356
"c.271..395.",271,395
"c.272..275.",272,275
"c.272..295.",272,295
"c.272..361.",272,361
"c.272..366.",272,366
"c.272..377.",272,377
"c.273..293.",273,293
"c.273..338.",273,338
"c.273..360.",273,360
"c.273..384.",273,384
"c.274..286.",274,286
"c.274..291.",274,291
"c.274..333.",274,333
"c.274..383.",274,383
"c.275..288.",275,288
"c.275..312.",275,312
"c.275..325.",275,325
"c.275..361.",275,361
"c.275..366.",275,366
"c.275..385.",275,385
"c.276..278.",276,278
"c.276..297.",276,297
"c.276..298.",276,298
"c.276..306.",276,306
"c.276..327.",276,327
"c.276..339.",276,339
"c.276..343.",276,343
"c.276..368.",276,368
"c.276..375.",276,375
"c.276..382.",276,382
"c.277..324.",277,324
"c.277..326.",277,326
"c.277..338.",277,338
"c.277..370.",277,370
"c.278..297.",278,297
"c.278..298.",278,298
"c.278..339.",278,339
"c.278..347.",278,347
"c.278..358.",278,358
"c.278..368.",278,368
"c.279..294.",279,294
"c.279..304.",279,304
"c.279..305.",279,305
"c.279..347.",279,347
"c.279..359.",279,359
"c.279..392.",279,392
"c.280..288.",280,288
"c.280..313.",280,313
"c.280..317.",280,317
"c.280..325.",280,325
"c.280..376.",280,376
"c.281..351.",281,351
"c.281..361.",281,361
"c.281..366.",281,366
"c.282..287.",282,287
"c.282..291.",282,291
"c.282..340.",282,340
"c.282..346.",282,346
"c.282..391.",282,391
"c.283..311.",283,311
"c.283..341.",283,341
"c.283..354.",283,354
"c.283..378.",283,378
"c.283..397.",283,397
"c.283..398.",283,398
"c.284..307.",284,307
"c.284..315.",284,315
"c.284..316.",284,316
"c.284..320.",284,320
"c.284..347.",284,347
"c.284..390.",284,390
"c.284..392.",284,392
"c.285..332.",285,332
"c.285..342.",285,342
"c.285..392.",285,392
"c.286..331.",286,331
"c.286..334.",286,334
"c.286..340.",286,340
"c.286..383.",286,383
"c.286..393.",286,393
"c.287..296.",287,296
"c.287..331.",287,331
"c.287..340.",287,340
"c.287..348.",287,348
"c.287..364.",287,364
"c.287..374.",287,374
"c.288..325.",288,325
"c.288..337.",288,337
"c.288..376.",288,376
"c.288..385.",288,385
"c.289..324.",289,324
"c.289..335.",289,335
"c.289..352.",289,352
"c.289..380.",289,380
"c.290..302.",290,302
"c.290..355.",290,355
"c.290..367.",290,367
"c.290..381.",290,381
"c.290..384.",290,384
"c.290..387.",290,387
"c.291..297.",291,297
"c.291..298.",291,298
"c.291..309.",291,309
"c.291..333.",291,333
"c.291..368.",291,368
"c.291..383.",291,383
"c.291..391.",291,391
"c.292..306.",292,306
"c.292..307.",292,307
"c.292..315.",292,315
"c.292..316.",292,316
"c.292..320.",292,320
"c.292..392.",292,392
"c.293..301.",293,301
"c.293..360.",293,360
"c.293..371.",293,371
"c.294..297.",294,297
"c.294..298.",294,298
"c.294..306.",294,306
"c.294..316.",294,316
"c.294..320.",294,320
"c.294..342.",294,342
"c.294..394.",294,394
"c.294..399.",294,399
"c.295..313.",295,313
"c.295..325.",295,325
"c.295..361.",295,361
"c.295..377.",295,377
"c.296..308.",296,308
"c.296..331.",296,331
"c.296..334.",296,334
"c.296..348.",296,348
"c.296..393.",296,393
"c.297..298.",297,298
"c.297..306.",297,306
"c.297..347.",297,347
"c.298..368.",298,368
"c.299..300.",299,300
"c.299..329.",299,329
"c.299..336.",299,336
"c.299..363.",299,363
"c.299..364.",299,364
"c.299..365.",299,365
"c.299..374.",299,374
"c.300..329.",300,329
"c.300..363.",300,363
"c.300..364.",300,364
"c.300..388.",300,388
"c.301..328.",301,328
"c.301..360.",301,360
"c.302..321.",302,321
"c.302..367.",302,367
"c.302..378.",302,378
"c.302..381.",302,381
"c.302..384.",302,384
"c.302..398.",302,398
"c.303..312.",303,312
"c.303..317.",303,317
"c.303..325.",303,325
"c.303..376.",303,376
"c.303..385.",303,385
"c.303..389.",303,389
"c.304..342.",304,342
"c.304..392.",304,392
"c.305..316.",305,316
"c.305..342.",305,342
"c.305..390.",305,390
"c.305..392.",305,392
"c.306..375.",306,375
"c.307..347.",307,347
"c.307..379.",307,379
"c.307..390.",307,390
"c.307..392.",307,392
"c.308..331.",308,331
"c.308..334.",308,334
"c.308..346.",308,346
"c.308..348.",308,348
"c.308..379.",308,379
"c.308..392.",308,392
"c.308..393.",308,393
"c.309..327.",309,327
"c.309..356.",309,356
"c.309..382.",309,382
"c.309..395.",309,395
"c.310..334.",310,334
"c.310..359.",310,359
"c.311..341.",311,341
"c.311..378.",311,378
"c.311..397.",311,397
"c.312..317.",312,317
"c.312..325.",312,325
"c.312..351.",312,351
"c.312..385.",312,385
"c.313..317.",313,317
"c.313..325.",313,325
"c.313..337.",313,337
"c.313..376.",313,376
"c.313..377.",313,377
"c.314..330.",314,330
"c.314..353.",314,353
"c.314..379.",314,379
"c.314..392.",314,392
"c.314..399.",314,399
"c.315..316.",315,316
"c.315..347.",315,347
"c.315..386.",315,386
"c.316..342.",316,342
"c.316..347.",316,347
"c.316..390.",316,390
"c.316..399.",316,399
"c.317..325.",317,325
"c.317..376.",317,376
"c.317..389.",317,389
"c.318..386.",318,386
"c.318..392.",318,392
"c.319..355.",319,355
"c.319..367.",319,367
"c.319..381.",319,381
"c.319..384.",319,384
"c.320..342.",320,342
"c.321..335.",321,335
"c.321..341.",321,341
"c.321..378.",321,378
"c.321..387.",321,387
"c.322..338.",322,338
"c.322..381.",322,381
"c.322..384.",322,384
"c.323..336.",323,336
"c.323..348.",323,348
"c.323..359.",323,359
"c.323..362.",323,362
"c.323..363.",323,363
"c.323..365.",323,365
"c.323..373.",323,373
"c.323..388.",323,388
"c.323..393.",323,393
"c.324..335.",324,335
"c.324..341.",324,341
"c.325..337.",325,337
"c.325..376.",325,376
"c.326..355.",326,355
"c.326..370.",326,370
"c.327..333.",327,333
"c.327..343.",327,343
"c.327..383.",327,383
"c.327..395.",327,395
"c.328..360.",328,360
"c.328..371.",328,371
"c.329..336.",329,336
"c.329..363.",329,363
"c.329..364.",329,364
"c.330..353.",330,353
"c.330..379.",330,379
"c.330..390.",330,390
"c.330..392.",330,392
"c.330..399.",330,399
"c.331..334.",331,334
"c.331..393.",331,393
"c.332..333.",332,333
"c.332..339.",332,339
"c.332..347.",332,347
"c.332..358.",332,358
"c.332..369.",332,369
"c.333..369.",333,369
"c.333..383.",333,383
"c.334..359.",334,359
"c.334..393.",334,393
"c.335..341.",335,341
"c.335..367.",335,367
"c.336..363.",336,363
"c.336..364.",336,364
"c.336..374.",336,374
"c.337..361.",337,361
"c.337..376.",337,376
"c.337..385.",337,385
"c.338..381.",338,381
"c.338..384.",338,384
"c.339..343.",339,343
"c.339..358.",339,358
"c.339..368.",339,368
"c.339..369.",339,369
"c.339..375.",339,375
"c.340..342.",340,342
"c.340..391.",340,391
"c.341..387.",341,387
"c.341..397.",341,397
"c.342..399.",342,399
"c.343..368.",343,368
"c.343..383.",343,383
"c.344..350.",344,350
"c.346..347.",346,347
"c.346..348.",346,348
"c.346..379.",346,379
"c.347..399.",347,399
"c.348..359.",348,359
"c.348..379.",348,379
"c.348..393.",348,393
"c.349..350.",349,350
"c.349..391.",349,391
"c.350..394.",350,394
"c.350..399.",350,399
"c.351..389.",351,389
"c.352..387.",352,387
"c.353..372.",353,372
"c.353..392.",353,392
"c.353..399.",353,399
"c.354..378.",354,378
"c.354..398.",354,398
"c.355..384.",355,384
"c.355..387.",355,387
"c.356..395.",356,395
"c.357..366.",357,366
"c.357..396.",357,396
"c.358..368.",358,368
"c.360..371.",360,371
"c.362..365.",362,365
"c.362..393.",362,393
"c.363..364.",363,364
"c.363..374.",363,374
"c.364..374.",364,374
"c.365..366.",365,366
"c.365..390.",365,390
"c.365..393.",365,393
"c.367..387.",367,387
"c.367..397.",367,397
"c.368..383.",368,383
"c.372..375.",372,375
"c.375..382.",375,382
"c.375..383.",375,383
"c.376..385.",376,385
"c.378..398.",378,398
"c.381..384.",381,384
"c.382..383.",382,383
"c.382..395.",382,395
"c.390..392.",390,392
"c.390..399.",390,399
"c.391..395.",391,395
"c.391..396.",391,396
"c.394..399.",394,399
"c.397..398.",397,398
